Percy,McDermott,devante_herman@vandervorthuel.info,(292) 641-1493,2015-06-09 18:10:23 -0500
Kristy,Konopelski,barney.jacobson@effertzcorwin.biz,115-562-5937,2015-06-09 18:10:23 -0500
Pascale,Hintz,edmund@hahnmarquardt.net,997-153-5256 x17820,2015-06-09 18:10:23 -0500
Jerrell,Hauck,rosalyn@legros.org,477-139-0447,2015-06-09 18:10:23 -0500
Lula,Jones,mittie.mcclure@ritchie.info,616.263.4927 x5650,2015-06-09 18:10:23 -0500
Jamison,Johns,gerard.becker@ernser.biz,1-190-329-8934,2015-06-09 18:10:23 -0500
Otilia,Zulauf,alba@abernathy.net,1-829-651-9317 x6672,2015-06-09 18:10:23 -0500
Melany,Hane,eloy.wolff@oconner.info,522.835.2718 x625,2015-06-09 18:10:23 -0500
Gage,Raynor,george_harvey@schultz.name,(662) 700-3981,2015-06-09 18:10:23 -0500
Corbin,Bailey,jacquelyn.hilll@osinskigoldner.com,1-304-029-5871 x84115,2015-06-09 18:10:23 -0500
Eldora,Doyle,chyna@gerlach.org,(964) 460-0967 x86047,2015-06-09 18:10:23 -0500
Ava,Klocko,horacio@okeefestreich.com,892-007-4893 x06671,2015-06-09 18:10:23 -0500
Ardith,Little,berry.dickinson@framibode.org,208.654.7949,2015-06-09 18:10:23 -0500
Cristina,Waters,minnie_kilback@stanton.com,(780) 081-7336,2015-06-09 18:10:23 -0500
Gilbert,Rodriguez,mekhi.herman@bailey.biz,956.818.9405 x8175,2015-06-09 18:10:23 -0500
Irma,Larson,javonte_sawayn@yost.net,(276) 215-6437 x576,2015-06-09 18:10:23 -0500
Dashawn,Gottlieb,alexandrea@bartell.name,592-859-3033 x40504,2015-06-09 18:10:23 -0500
Eugenia,Haley,dillon.greenholt@batzrowe.name,389.374.0279 x964,2015-06-09 18:10:23 -0500
Ivory,Bechtelar,eryn@padberg.org,1-786-848-3681,2015-06-09 18:10:23 -0500
Greg,Brown,alana_schmitt@baileybashirian.org,1-894-011-9246 x246,2015-06-09 18:10:23 -0500
Sage,Stokes,henriette.friesen@walsh.info,1-154-793-1959 x9354,2015-06-09 18:10:23 -0500
Kraig,VonRueden,madison@carroll.info,775.437.9219 x9401,2015-06-09 18:10:23 -0500
Lon,Kling,sonia@wiegand.biz,843-219-7953 x9715,2015-06-09 18:10:23 -0500
Liza,Leuschke,leopold_gleason@pourosvonrueden.biz,1-933-510-3769 x9453,2015-06-09 18:10:23 -0500
Zetta,Borer,john.kertzmann@jenkins.com,(571) 701-0820,2015-06-09 18:10:23 -0500
Geovany,Pouros,terrell@heaney.info,324.140.6044 x384,2015-06-09 18:10:23 -0500
Ida,Nicolas,jennyfer_zboncak@cremin.info,(487) 409-0934 x35001,2015-06-09 18:10:23 -0500
Orie,Walter,viviane@johnsrunolfsdottir.name,(729) 545-8072 x739,2015-06-09 18:10:23 -0500
Bonnie,Bernhard,dexter@crona.name,941.556.4142 x803,2015-06-09 18:10:23 -0500
Courtney,Armstrong,justina_morar@toy.name,(260) 607-4981 x57100,2015-06-09 18:10:23 -0500
Easter,Grant,kyler@turneroconner.org,336-473-4877 x275,2015-06-09 18:10:23 -0500
Demario,McLaughlin,vella@zemlak.name,281-476-9192 x6230,2015-06-09 18:10:23 -0500
Lowell,Wolff,sister@beatty.net,167-324-4267 x2150,2015-06-09 18:10:23 -0500
Jackie,Kuphal,mckenzie.turner@nitzschereinger.net,286-714-0112,2015-06-09 18:10:23 -0500
Keyshawn,Kuhn,margot_luettgen@koelpin.org,575-042-6878 x4170,2015-06-09 18:10:23 -0500
Ezequiel,Bergstrom,cordelia@klocko.net,(536) 409-4949 x5819,2015-06-09 18:10:23 -0500
Elnora,Morar,felicia.luettgen@abshire.net,(723) 976-6038,2015-06-09 18:10:23 -0500
Jorge,Simonis,abraham_abernathy@conn.name,579.211.0984 x05186,2015-06-09 18:10:23 -0500
Diana,Kovacek,cruz_waters@jacobiturcotte.net,908.691.0437,2015-06-09 18:10:23 -0500
Laverna,Rath,anastasia@conn.biz,(723) 276-0477,2015-06-09 18:10:23 -0500
Kayden,Keebler,jayden.yundt@fahey.info,490.589.5894 x335,2015-06-09 18:10:23 -0500
Abdul,Stanton,theresa@mitchellhirthe.com,923-429-5434,2015-06-09 18:10:23 -0500
Marjory,Schaden,charlotte@wehner.info,936.818.2676,2015-06-09 18:10:23 -0500
Bailey,Robel,candace_hettinger@harber.org,1-798-642-4078 x7142,2015-06-09 18:10:23 -0500
Cecelia,Lowe,leda@reichert.info,191.467.0027 x12111,2015-06-09 18:10:23 -0500
Jettie,Hahn,abby.rippin@hudson.info,788.470.2292,2015-06-09 18:10:23 -0500
Chaz,McDermott,floyd@schinnermills.info,1-233-995-8786 x780,2015-06-09 18:10:23 -0500
Otis,Walsh,wilburn@oberbrunner.info,170-249-8082 x01281,2015-06-09 18:10:23 -0500
Hyman,Waelchi,leda.bruen@goyette.info,850.674.7134 x1000,2015-06-09 18:10:23 -0500
Isaiah,Lemke,bertrand.zulauf@donnellybartell.biz,106-895-1181,2015-06-09 18:10:23 -0500
Giovanny,Torp,magali.dooley@krajcikkerluke.net,(101) 173-3028,2015-06-09 18:10:23 -0500
Vince,Fritsch,julie@koch.biz,1-606-130-1576 x7663,2015-06-09 18:10:23 -0500
Lyla,Wisoky,floie@pfefferlowe.info,(862) 156-6033 x5653,2015-06-09 18:10:23 -0500
Liana,Reichert,opal@schamberger.com,(457) 078-1166,2015-06-09 18:10:23 -0500
Elsa,Zemlak,maymie@gorczanycasper.info,1-854-242-0319 x714,2015-06-09 18:10:23 -0500
Raphaelle,Lakin,lyda.mante@fadel.info,(256) 936-0063 x019,2015-06-09 18:10:23 -0500
Shayna,Will,grady.smith@hammes.com,1-466-151-1580 x93827,2015-06-09 18:10:23 -0500
Pierre,Labadie,syble@klein.biz,1-122-777-1107 x31800,2015-06-09 18:10:23 -0500
Destany,Prohaska,beau.hane@mccullough.name,709-678-6300 x9458,2015-06-09 18:10:23 -0500
Felicita,McDermott,collin_rutherford@haley.com,832-698-0548,2015-06-09 18:10:23 -0500
Gillian,Towne,adrain_pfeffer@spencer.name,(781) 500-4736,2015-06-09 18:10:23 -0500
Zakary,Goldner,guido@whitemohr.name,347.901.7423,2015-06-09 18:10:23 -0500
Ariane,Hegmann,akeem_welch@barrows.net,(869) 054-5456 x3475,2015-06-09 18:10:23 -0500
Ansley,Gutmann,rashawn_welch@rolfson.net,217-364-9271 x0251,2015-06-09 18:10:23 -0500
Korbin,Crist,citlalli@ryantreutel.com,627-063-8445,2015-06-09 18:10:23 -0500
Zane,Lemke,teie_emmerich@stammheidenreich.biz,459-055-4962 x163,2015-06-09 18:10:23 -0500
Estevan,Ernser,franco@haag.info,1-606-595-2145 x8713,2015-06-09 18:10:23 -0500
Kariane,Kozey,judah.hyatt@pouroschamplin.name,(858) 157-3019 x1598,2015-06-09 18:10:23 -0500
Marta,Waelchi,caandra.keebler@reichertrolfson.org,417.927.2715 x8392,2015-06-09 18:10:23 -0500
Onie,Yost,jayce@nolan.net,149.780.2191,2015-06-09 18:10:23 -0500
Sunny,Kiehn,torrance@orn.info,1-884-684-0177,2015-06-09 18:10:23 -0500
Deontae,Feest,maeve_ondricka@beattykihn.biz,253.111.8274 x856,2015-06-09 18:10:23 -0500
Bryon,Olson,conor_eichmann@maggiobergnaum.org,(189) 230-7851 x1828,2015-06-09 18:10:23 -0500
Benton,Reichel,alf_daniel@macejkovicgerlach.info,792-014-6470,2015-06-09 18:10:23 -0500
Carley,Collier,tom@shanahan.net,1-153-362-7250 x7624,2015-06-09 18:10:23 -0500
Frieda,Prosacco,demond@rogahn.biz,713-049-2030 x81761,2015-06-09 18:10:23 -0500
Corene,Bauch,tyrique_wisozk@schowaltergerhold.net,(745) 132-5578,2015-06-09 18:10:23 -0500
Amya,Bechtelar,tom_adams@heel.net,1-613-161-8182 x4343,2015-06-09 18:10:23 -0500
Vito,Lowe,elian@metzfeest.org,1-978-834-0372 x138,2015-06-09 18:10:23 -0500
Blake,Schroeder,omari_bernhard@runte.org,1-128-318-6143 x819,2015-06-09 18:10:23 -0500
William,Toy,thelma.hackett@hamill.info,(716) 833-7453,2015-06-09 18:10:23 -0500
Rubye,Von,annabelle_dietrich@franecki.com,387-892-7262,2015-06-09 18:10:23 -0500
Lorenza,Stoltenberg,abby@kuvalis.info,423.822.2059 x861,2015-06-09 18:10:23 -0500
Jesus,Lind,moriah@towne.info,(130) 048-5277,2015-06-09 18:10:23 -0500
Dallin,Satterfield,mateo@strosin.name,623.544.7560,2015-06-09 18:10:23 -0500
Myrtis,Schinner,andre@bradtke.biz,(697) 749-2358 x9630,2015-06-09 18:10:23 -0500
Eldred,Marquardt,ashtyn.dickens@schuppeshanahan.com,990.374.6879,2015-06-09 18:10:23 -0500
Claire,Dibbert,lennie_crist@feil.org,1-454-170-5992,2015-06-09 18:10:23 -0500
Misael,Rowe,kaylah@goodwin.com,1-251-431-9609,2015-06-09 18:10:23 -0500
Maureen,Fritsch,marlin.effertz@reingermohr.info,1-939-446-3179,2015-06-09 18:10:23 -0500
Keagan,Stroman,mary@schulistconroy.com,520-112-5798 x3578,2015-06-09 18:10:23 -0500
Margarete,Graham,colton@mante.info,996-673-5103 x35616,2015-06-09 18:10:23 -0500
Lucius,Spinka,kane@ruecker.org,542-640-5004 x4390,2015-06-09 18:10:23 -0500
Greg,Farrell,jordyn_bechtelar@boehm.name,896.981.4479,2015-06-09 18:10:23 -0500
Terrill,Haley,rahul.kris@graham.com,237-435-1006 x292,2015-06-09 18:10:23 -0500
Rachel,Oberbrunner,dariana@ankundingbeahan.info,1-642-283-5882 x9369,2015-06-09 18:10:23 -0500
Albina,Gibson,margarette@stokes.name,601-210-4475 x10908,2015-06-09 18:10:23 -0500
Annie,Dare,luna@padberg.net,362-399-0252,2015-06-09 18:10:23 -0500
Vivian,Turner,kamren.walker@schuppe.biz,1-895-494-9912 x18442,2015-06-09 18:10:23 -0500
Kyla,Kovacek,jeanie.bradtke@mohrbrakus.com,1-857-235-1196,2015-06-09 18:10:23 -0500
Helena,Zboncak,mozell.lesch@franeckigislason.biz,761-480-1499 x038,2015-06-09 18:10:23 -0500
Chet,Swaniawski,marlen_gottlieb@tremblaykoch.net,447-764-7414 x8104,2015-06-09 18:10:23 -0500
Nakia,McLaughlin,tanner_hodkiewicz@hermistonspinka.biz,937-061-9774,2015-06-09 18:10:23 -0500
Eusebio,Kassulke,jazlyn_mante@paucek.name,675-081-7485 x36491,2015-06-09 18:10:23 -0500
Sydney,Koepp,lewis@kubolson.net,240.973.8297 x099,2015-06-09 18:10:23 -0500
Xavier,Purdy,wilfredo.nikolaus@windler.net,914.993.3076 x872,2015-06-09 18:10:23 -0500
Eli,Hackett,austen@langosh.org,311.542.7823 x52877,2015-06-09 18:10:23 -0500
Marcelo,Zboncak,jeremy_davis@hettinger.org,(949) 114-1017,2015-06-09 18:10:23 -0500
Antonina,O'Reilly,alda@reinger.name,218-251-1618 x427,2015-06-09 18:10:23 -0500
Eloise,Wisoky,bette@johnson.net,292.882.0303,2015-06-09 18:10:23 -0500
Alverta,Jacobi,esperanza.zboncak@quitzon.net,380.540.4672,2015-06-09 18:10:23 -0500
Eleazar,Grimes,lois.spencer@ullrich.info,888.491.8232,2015-06-09 18:10:23 -0500
Petra,McCullough,marie.hermann@beckermann.org,(483) 725-4216 x3930,2015-06-09 18:10:23 -0500
Rowland,Marks,darrell@kutch.biz,1-907-049-7126 x2683,2015-06-09 18:10:23 -0500
Emile,Botsford,corrine_gleichner@creminbatz.net,1-193-820-1470 x1870,2015-06-09 18:10:23 -0500
Amya,Considine,iac@pagackohler.biz,(910) 880-2080,2015-06-09 18:10:23 -0500
Kiana,Purdy,kamron@monahan.name,608-297-5677 x5012,2015-06-09 18:10:23 -0500
Madyson,Will,scotty@daugherty.net,190-981-6744,2015-06-09 18:10:23 -0500
Gilda,Hackett,vanea@lynch.biz,1-126-365-1615 x421,2015-06-09 18:10:23 -0500
Chasity,Abernathy,caitlyn@nitzscheconnelly.org,879-191-2362,2015-06-09 18:10:23 -0500
Kaylee,Okuneva,jedediah_von@fahey.name,1-908-065-1418 x8168,2015-06-09 18:10:23 -0500
Eleazar,Ondricka,laurence@boehmturcotte.info,(519) 642-0844,2015-06-09 18:10:23 -0500
Tanner,Graham,casper@konopelskikohler.biz,899.937.2276,2015-06-09 18:10:23 -0500
Bria,Sauer,kelley_sanford@leffler.biz,(912) 807-6945 x7931,2015-06-09 18:10:23 -0500
Arnoldo,Lueilwitz,paige@bailey.info,206-459-2373,2015-06-09 18:10:23 -0500
Carolina,Rutherford,bradley.braun@lynchvolkman.info,1-944-924-3506,2015-06-09 18:10:23 -0500
Christ,Ankunding,elliot@walter.com,(670) 345-6158 x251,2015-06-09 18:10:23 -0500
Skylar,Zemlak,newton_bosco@gottlieb.biz,(897) 564-6885,2015-06-09 18:10:23 -0500
Freeman,Blick,rahul@douglas.name,622-794-6825 x470,2015-06-09 18:10:23 -0500
Maritza,Kemmer,margie@kuvalisrath.info,546-420-2841,2015-06-09 18:10:23 -0500
Edwina,Kreiger,joshua_collins@skilesjakubowski.name,1-319-571-6746 x893,2015-06-09 18:10:23 -0500
Skye,Marks,sigmund@moen.com,(502) 424-8435 x6754,2015-06-09 18:10:23 -0500
Lindsay,Bergnaum,ulises@rolfson.name,290-033-7570,2015-06-09 18:10:23 -0500
Gordon,Wuckert,marlen_monahan@hansen.org,(267) 378-4493 x9540,2015-06-09 18:10:23 -0500
Alisha,Beier,kelli_gibson@hammeswalker.com,108.248.1991 x924,2015-06-09 18:10:23 -0500
Immanuel,DuBuque,demond.kunde@oharaschneider.biz,1-681-762-4274 x6494,2015-06-09 18:10:23 -0500
Winifred,Torphy,marge_breitenberg@hane.name,(792) 318-5231 x9303,2015-06-09 18:10:23 -0500
Lorena,Turner,catharine_luettgen@mcclurejohns.biz,1-390-576-0984 x2840,2015-06-09 18:10:23 -0500
Brice,Wisoky,taurean.effertz@spencer.org,(411) 500-8012,2015-06-09 18:10:23 -0500
Marcelle,Murazik,reta@okon.biz,(425) 744-1355 x41900,2015-06-09 18:10:23 -0500
Quinton,Johns,wilmer_kuphal@lubowitz.name,(904) 483-2317,2015-06-09 18:10:23 -0500
Elwyn,Halvorson,brianne@ruecker.info,1-108-404-5941 x29725,2015-06-09 18:10:23 -0500
Imelda,Littel,alana@shanahan.biz,(563) 012-9466 x346,2015-06-09 18:10:23 -0500
Norval,Paucek,tobin@crona.biz,780.410.5010,2015-06-09 18:10:23 -0500
Oceane,McGlynn,elenora_heel@kub.org,(910) 222-5569,2015-06-09 18:10:23 -0500
Darrick,Bauch,gaston.purdy@simonis.biz,1-306-634-8362 x841,2015-06-09 18:10:23 -0500
Eliseo,Torphy,zackary_stokes@greenholtharvey.name,992-196-0861,2015-06-09 18:10:23 -0500
Grayce,Donnelly,kaandra@white.info,(199) 789-1144 x75501,2015-06-09 18:10:23 -0500
Matt,Cummings,morgan.bahringer@berge.net,741.280.3425,2015-06-09 18:10:23 -0500
Cleveland,Turner,jude@swaniawski.biz,167-758-3079 x61825,2015-06-09 18:10:23 -0500
Berry,Steuber,fanny.gutkowski@beerschaefer.biz,1-468-815-9237 x43441,2015-06-09 18:10:23 -0500
Fredrick,Kessler,alexis.tromp@stracke.org,124.477.5630 x57131,2015-06-09 18:10:23 -0500
Reagan,VonRueden,estelle_oreilly@goldnerbartoletti.net,684.354.3733 x80944,2015-06-09 18:10:23 -0500
Adrian,Ferry,ulices_terry@lockman.info,910.450.9801 x1827,2015-06-09 18:10:23 -0500
Ozella,Feeney,deon.nolan@west.net,(689) 831-7755 x19514,2015-06-09 18:10:23 -0500
Cameron,Sipes,leda_nolan@kulas.net,164.470.7017 x415,2015-06-09 18:10:23 -0500
Mavis,Sanford,amy_schmitt@hoegerhirthe.com,517-105-0587 x6569,2015-06-09 18:10:23 -0500
Ozella,Wolf,darwin@schmeler.biz,1-216-130-6799 x02247,2015-06-09 18:10:23 -0500
Jazmin,Nitzsche,raymond_stoltenberg@okunevatremblay.info,486-446-3774,2015-06-09 18:10:23 -0500
Oma,Beer,celestino@ondrickavonrueden.net,397.865.5011,2015-06-09 18:10:23 -0500
Ignatius,Keeling,robyn.murphy@ferry.info,(209) 761-0945 x800,2015-06-09 18:10:23 -0500
Torrance,Rempel,sabrina@larkineichmann.info,(641) 833-9310 x756,2015-06-09 18:10:23 -0500
Ronny,Bechtelar,valentina@feeney.net,(280) 791-0415,2015-06-09 18:10:23 -0500
Eileen,Corwin,megane_keeling@schinner.org,(249) 834-5514,2015-06-09 18:10:23 -0500
Halle,Gaylord,queenie.altenwerth@harrisfisher.biz,586.011.8515 x933,2015-06-09 18:10:23 -0500
Amie,Kutch,fleta_heaney@hettinger.net,1-670-697-2472,2015-06-09 18:10:23 -0500
Else,Leannon,destiney.pfeffer@lednerkunze.info,1-636-735-0242,2015-06-09 18:10:23 -0500
Earline,Altenwerth,grayce.williamson@lynchbrekke.org,832-633-0695 x67317,2015-06-09 18:10:23 -0500
Tom,Ortiz,shanny.price@hermann.com,537.640.9293 x7074,2015-06-09 18:10:23 -0500
Kobe,Wilkinson,lola@lind.name,457-785-3299,2015-06-09 18:10:23 -0500
Anderson,Fahey,ayden@jaskolski.biz,439-792-5044,2015-06-09 18:10:23 -0500
Rocky,Auer,isaiah_mohr@barrowswuckert.com,968-460-1582 x726,2015-06-09 18:10:23 -0500
Vivian,Flatley,therese_walter@mayer.biz,1-916-587-8542 x737,2015-06-09 18:10:23 -0500
Asha,Barrows,lola.spinka@shieldsjacobs.name,559-626-2636 x3953,2015-06-09 18:10:23 -0500
Napoleon,Rempel,felton@treutel.net,1-440-604-8202 x930,2015-06-09 18:10:23 -0500
Bradley,Heaney,michael@gaylord.com,208-620-9071 x5446,2015-06-09 18:10:23 -0500
Melody,Collier,breana.lemke@steuber.info,277.018.0190,2015-06-09 18:10:23 -0500
Evie,Gerhold,tierra@gleichner.net,(290) 936-7281,2015-06-09 18:10:23 -0500
Tremaine,Nader,jasen.keeling@walsh.org,(653) 862-3002,2015-06-09 18:10:23 -0500
Tania,O'Conner,janea@breitenbergbergstrom.biz,668.237.2192,2015-06-09 18:10:23 -0500
Ryann,Wilderman,lonny@lakinhayes.com,(801) 551-6398,2015-06-09 18:10:23 -0500
Dolly,Fritsch,rahsaan@huels.info,872-905-2865 x876,2015-06-09 18:10:23 -0500
Lavina,Friesen,luciano_kshlerin@shanahan.com,492.267.1901 x3648,2015-06-09 18:10:23 -0500
Oda,Stehr,hank_emard@crona.info,(771) 570-4573 x732,2015-06-09 18:10:23 -0500
Camylle,Grant,devonte.anderson@okeefe.org,1-490-246-4122,2015-06-09 18:10:23 -0500
Darwin,Stroman,don@kertzmann.net,(110) 875-7543,2015-06-09 18:10:23 -0500
Keshaun,Gerhold,cindy@gutkowski.info,1-327-534-6852,2015-06-09 18:10:23 -0500
Kole,Lakin,bo.bergnaum@mcglynnkilback.biz,1-761-580-4628,2015-06-09 18:10:23 -0500
Quinn,Hilll,bert_torp@loweemard.biz,1-279-037-0844,2015-06-09 18:10:23 -0500
Helena,Sauer,lillian@olsonjaskolski.net,887-688-9484 x314,2015-06-09 18:10:23 -0500
Stanford,Dach,abbie.leannon@towne.org,1-993-287-2116 x273,2015-06-09 18:10:23 -0500
Nyasia,Kihn,myriam@olson.org,745.218.2128 x0322,2015-06-09 18:10:23 -0500
Sim,Weber,kiel_mclaughlin@wehner.net,552.847.2134 x8391,2015-06-09 18:10:23 -0500
Belle,Bergnaum,ron_bruen@leuschkedickinson.info,(415) 711-1783 x2482,2015-06-09 18:10:23 -0500
Harold,Ward,alayna@wolff.com,922-752-5810 x12701,2015-06-09 18:10:23 -0500
Sam,Larson,trycia_hamill@ebert.net,(210) 859-3484,2015-06-09 18:10:23 -0500
Robert,Wolff,tyrell@huelschowalter.name,562.823.6934,2015-06-09 18:10:23 -0500
Caterina,Kertzmann,perry@mayer.net,228-169-8256,2015-06-09 18:10:23 -0500
Marina,Oberbrunner,crystel@marvin.info,984-772-8637 x129,2015-06-09 18:10:23 -0500
Frederick,Fay,idell.mueller@connelly.net,1-364-239-5068,2015-06-09 18:10:23 -0500
Emilio,Von,odea@armstrong.biz,904.464.5638 x03213,2015-06-09 18:10:23 -0500
Evan,Hand,nadia@shanahanhowe.org,977-527-9635,2015-06-09 18:10:23 -0500
Rashad,Streich,gerard@dickens.org,206-651-0393 x7100,2015-06-09 18:10:23 -0500
Kaci,Lind,christa@gleichnerklocko.net,(405) 247-9761 x09109,2015-06-09 18:10:23 -0500
Aaron,Bartell,kadin@sengercasper.info,1-518-514-5150,2015-06-09 18:10:23 -0500
Ada,Batz,sammy@ruecker.org,1-379-386-4189,2015-06-09 18:10:23 -0500
Cheyenne,Hilpert,shea@donnellydibbert.info,863.332.2353 x650,2015-06-09 18:10:23 -0500
Makenzie,Gibson,coty_balistreri@kunde.biz,1-744-499-2750 x70430,2015-06-09 18:10:23 -0500
Viola,Cummings,robb@zemlakrowe.com,1-337-649-7286 x474,2015-06-09 18:10:23 -0500
Lauren,Turner,lucious_jacobi@gulgowskireilly.info,599.586.8914 x952,2015-06-09 18:10:23 -0500
Giovanny,Gutmann,manuel_yost@aufderhar.org,1-338-896-5674 x9947,2015-06-09 18:10:23 -0500
Aisha,Williamson,ransom@king.org,1-736-006-2424,2015-06-09 18:10:23 -0500
Oleta,Rath,miracle@beer.biz,1-726-159-8342 x70362,2015-06-09 18:10:23 -0500
Marcelino,Luettgen,annette_schoen@greenfeldermacejkovic.net,(876) 664-4396,2015-06-09 18:10:23 -0500
Nellie,Wilkinson,sherwood_lindgren@johnsonokeefe.info,309.786.1082,2015-06-09 18:10:23 -0500
Maia,Abernathy,dorthy@cristlindgren.info,1-189-622-4396,2015-06-09 18:10:23 -0500
Odell,O'Kon,shyanne@cristwisozk.com,1-559-249-2143 x057,2015-06-09 18:10:23 -0500
Lionel,Gusikowski,rashad.hermiston@harvey.biz,(935) 051-9921,2015-06-09 18:10:23 -0500
Roxane,Bashirian,nikki_mccullough@wolf.com,636-206-6921,2015-06-09 18:10:23 -0500
Jodie,D'Amore,sincere@terry.name,778.025.5041 x33239,2015-06-09 18:10:23 -0500
Nathaniel,Glover,charlie@ondricka.biz,(293) 269-7998 x971,2015-06-09 18:10:23 -0500
Elaina,Beer,leland@kaulkeprohaska.name,(579) 056-9461 x912,2015-06-09 18:10:23 -0500
Aurelia,Herzog,norbert@ziemann.net,767-715-4709 x4196,2015-06-09 18:10:23 -0500
Eliezer,Rodriguez,camron@shields.info,981.510.6656,2015-06-09 18:10:23 -0500
Danielle,Christiansen,mallory_wintheiser@barton.name,341-298-7332 x666,2015-06-09 18:10:23 -0500
Agustin,Jacobs,elwin_keler@walkermoore.net,(657) 932-0899 x6958,2015-06-09 18:10:23 -0500
Reyes,Heidenreich,ryley@trantow.info,260-236-9222,2015-06-09 18:10:23 -0500
Gilbert,Boehm,abbigail@hauck.name,795.303.4837 x7340,2015-06-09 18:10:23 -0500
Idella,Beahan,sam.nolan@conroy.org,1-623-936-5304,2015-06-09 18:10:23 -0500
Zola,Collier,gage_kuhlman@volkmanquitzon.biz,852.369.3755 x6860,2015-06-09 18:10:23 -0500
Kaia,Beatty,ruben@beahan.name,(684) 040-3458 x90253,2015-06-09 18:10:23 -0500
Cassie,Buckridge,isabel@vonschamberger.biz,1-375-190-9638 x2786,2015-06-09 18:10:23 -0500
Robert,Pagac,charlie@reichert.org,470-576-7229 x89915,2015-06-09 18:10:23 -0500
Preston,Prosacco,dixie_lind@leannonluettgen.com,935-208-0502 x69651,2015-06-09 18:10:23 -0500
Claire,Maggio,laila.satterfield@bergelindgren.com,622.263.0990,2015-06-09 18:10:23 -0500
Sunny,Stehr,mohamed@ortiz.info,1-394-668-8159,2015-06-09 18:10:23 -0500
Candice,Willms,shakira.hodkiewicz@kilback.com,1-666-458-4990,2015-06-09 18:10:23 -0500
Eleanore,McLaughlin,aliyah_macejkovic@keler.info,911-929-5733,2015-06-09 18:10:23 -0500
Issac,Kozey,madilyn_volkman@ortiz.info,935-621-0028,2015-06-09 18:10:23 -0500
Jerrod,Deckow,caandra.tromp@ornbechtelar.net,238-752-1592,2015-06-09 18:10:23 -0500
Tobin,Bergnaum,destany@goodwindouglas.org,1-556-715-6452,2015-06-09 18:10:23 -0500
Anibal,Predovic,emery@dooley.info,(865) 198-5259 x31358,2015-06-09 18:10:23 -0500
Fidel,Toy,gladys@graham.org,(957) 560-0741,2015-06-09 18:10:23 -0500
Ludwig,Cronin,stacy@gislasonvonrueden.net,(682) 403-7765 x2204,2015-06-09 18:10:23 -0500
Eloisa,Rohan,allan@koelpin.info,426-887-4459,2015-06-09 18:10:23 -0500
Serenity,Emard,dejon@starkschulist.com,874-913-6614 x63184,2015-06-09 18:10:23 -0500
Joaquin,Swaniawski,retta@yostdamore.biz,(109) 003-8400,2015-06-09 18:10:23 -0500
Abbie,Reilly,camila@nader.info,631.102.9365 x57476,2015-06-09 18:10:23 -0500
Ray,Jast,finn.stroman@bosco.biz,294.528.3974 x310,2015-06-09 18:10:23 -0500
Jordane,Greenfelder,kelvin@wisozk.biz,797-603-8932,2015-06-09 18:10:23 -0500
Shania,Reilly,justyn.crist@hilpert.name,(497) 748-2454,2015-06-09 18:10:23 -0500
Leif,Schumm,stephan@kris.info,887.653.2468,2015-06-09 18:10:23 -0500
Myrtie,Cartwright,lavonne@becker.biz,234-303-2931 x814,2015-06-09 18:10:23 -0500
Aliya,Emmerich,zetta_wisozk@langworthmacgyver.info,146-100-4342,2015-06-09 18:10:23 -0500
Pinkie,Herzog,keshaun@walsh.name,1-610-723-7837 x26812,2015-06-09 18:10:23 -0500
Daphne,Mitchell,steve@willms.biz,1-315-386-1758 x47198,2015-06-09 18:10:23 -0500
Marilie,Rice,brooke@blockreynolds.biz,1-402-636-5216,2015-06-09 18:10:23 -0500
Adolphus,Brown,nicholas@becker.biz,(699) 891-3463,2015-06-09 18:10:23 -0500
Brennan,Legros,heidi.thiel@millerlehner.com,708-112-4510,2015-06-09 18:10:23 -0500
Madonna,Hand,brendan_heathcote@rosenbaum.info,1-225-584-7792,2015-06-09 18:10:23 -0500
Mary,Nikolaus,trudie@dickinsonhoeger.org,(667) 642-8046 x5537,2015-06-09 18:10:23 -0500
Mortimer,O'Reilly,elisa@kuhicyundt.name,478.290.6814,2015-06-09 18:10:23 -0500
Minnie,Altenwerth,macie@bergnaum.name,603.810.4983 x201,2015-06-09 18:10:23 -0500
Camryn,Robel,garrett.schroeder@davis.org,366-226-4903,2015-06-09 18:10:23 -0500
Cleo,Gutmann,norris.nicolas@abbotthaley.name,113-320-7144 x4027,2015-06-09 18:10:23 -0500
Alexandro,Brekke,baron@moen.net,871-710-4178,2015-06-09 18:10:23 -0500
Janet,Hane,dena@mertzconsidine.name,1-292-004-9195 x5463,2015-06-09 18:10:23 -0500
Barbara,Collins,edyth.wiza@king.info,588.798.1172,2015-06-09 18:10:23 -0500
Elmira,Daugherty,spencer_treutel@gutmanndickinson.org,1-152-806-4449 x89321,2015-06-09 18:10:23 -0500
Ryder,Rosenbaum,alejandra@mills.info,225.399.1735 x4327,2015-06-09 18:10:23 -0500
Shawn,Larkin,danika@gerhold.com,1-310-308-6746 x2007,2015-06-09 18:10:23 -0500
Brown,Halvorson,lacy.nicolas@keebler.info,754.864.2583 x87756,2015-06-09 18:10:23 -0500
Aimee,Langosh,toby@roberts.name,730.853.0989 x7978,2015-06-09 18:10:23 -0500
Jayson,Gaylord,nyah@boylesmitham.info,1-799-201-5686 x996,2015-06-09 18:10:23 -0500
Rodolfo,Rempel,royce@cormier.com,1-430-600-3247,2015-06-09 18:10:23 -0500
Sydney,Hodkiewicz,alena.ruecker@wintheiserbuckridge.net,(967) 814-0718,2015-06-09 18:10:23 -0500
Jamir,Koss,kennedi@gusikowski.biz,137.358.5377 x324,2015-06-09 18:10:23 -0500
Alize,Weber,dedrick_raynor@labadieluettgen.biz,(370) 143-4713 x9360,2015-06-09 18:10:23 -0500
Herman,Jacobi,donnell_prohaska@metz.net,(117) 038-6644,2015-06-09 18:10:23 -0500
Burnice,Fahey,jey@klein.org,(999) 181-4173 x72821,2015-06-09 18:10:23 -0500
Chanel,Langworth,howell_trantow@baileystanton.info,770.868.1689 x4590,2015-06-09 18:10:23 -0500
Claude,Lang,kellie_schaefer@heathcote.net,(546) 333-1822 x418,2015-06-09 18:10:23 -0500
Bria,Stoltenberg,efren_schiller@schulist.biz,328.493.8954,2015-06-09 18:10:23 -0500
Belle,Stark,virgil@douglas.com,587-188-9419,2015-06-09 18:10:23 -0500
Robbie,Schiller,shanelle@gorczanylarkin.org,122.725.3824,2015-06-09 18:10:23 -0500
Mollie,Walter,arlo@schroedertorphy.net,883-577-6140,2015-06-09 18:10:23 -0500
Bulah,Torp,keyshawn@schroederschuppe.net,748-024-7498 x06620,2015-06-09 18:10:23 -0500
Rhea,Roob,lea@langoshkohler.name,409-363-7745 x24636,2015-06-09 18:10:23 -0500
Chaya,Wintheiser,kody@mayert.name,943-006-5419,2015-06-09 18:10:23 -0500
Bobbie,Heathcote,reba_jones@harveyemard.org,1-476-101-9335 x26581,2015-06-09 18:10:23 -0500
Lionel,Bednar,ubaldo_rice@bechtelargrady.info,(707) 855-3058,2015-06-09 18:10:23 -0500
Stefan,Johns,carolanne.strosin@langosh.biz,102.166.1354,2015-06-09 18:10:23 -0500
Shyanne,Anderson,maximo.johnson@quigleyglover.biz,(965) 467-5477 x28830,2015-06-09 18:10:23 -0500
Chanelle,Volkman,merlin_rohan@feil.biz,(836) 856-2694,2015-06-09 18:10:23 -0500
Simone,Carroll,wallace@kautzerdoyle.info,(460) 958-8554 x534,2015-06-09 18:10:23 -0500
Pamela,Mosciski,eliseo@collierwindler.name,(164) 801-3438,2015-06-09 18:10:23 -0500
Makenna,Rodriguez,nikki.zboncak@gottlieb.info,1-827-187-6836 x97600,2015-06-09 18:10:23 -0500
Abbigail,Heaney,lea@bins.info,646.628.4268 x31346,2015-06-09 18:10:23 -0500
Annabel,Sanford,lenna_vonrueden@hickle.biz,1-663-290-0323,2015-06-09 18:10:23 -0500
Kaleigh,Durgan,felipa_jones@moriette.net,543-834-2771 x44647,2015-06-09 18:10:23 -0500
Blanche,Conroy,cordelia.beer@cummerata.biz,1-559-267-4556,2015-06-09 18:10:23 -0500
Katheryn,Bauch,myron@runte.name,621.597.3869 x86510,2015-06-09 18:10:23 -0500
Octavia,Watsica,jennyfer_gorczany@graham.name,363-446-8182 x665,2015-06-09 18:10:23 -0500
Justyn,Champlin,moie@paucek.info,977-750-7153 x4276,2015-06-09 18:10:23 -0500
Bruce,Hackett,keagan@dietrichhalvorson.info,(823) 302-9510 x0141,2015-06-09 18:10:23 -0500
Grover,Hegmann,esta.harber@heller.com,1-433-404-6084 x62492,2015-06-09 18:10:23 -0500
Mustafa,Osinski,kelton.cormier@mclaughlinblanda.org,455-931-2895,2015-06-09 18:10:23 -0500
Brain,Sporer,solon@schmitt.com,(491) 935-3513 x657,2015-06-09 18:10:23 -0500
Joany,Maggio,favian.nitzsche@sawayn.name,(192) 280-8887 x50580,2015-06-09 18:10:23 -0500
Bonita,Harris,leland.gleichner@bailey.org,893-469-3986 x0870,2015-06-09 18:10:23 -0500
Kaylah,Fahey,preston@littlelynch.biz,690.117.7570,2015-06-09 18:10:23 -0500
Henry,Schultz,kamron_hoppe@turcotte.biz,1-979-061-9223 x07425,2015-06-09 18:10:23 -0500
Breanne,McGlynn,loma_schuster@stehr.info,(793) 838-9152 x5457,2015-06-09 18:10:23 -0500
Rashawn,Jacobi,zelda@gutkowski.biz,1-869-020-8239,2015-06-09 18:10:23 -0500
Candice,Wolf,johan@walter.info,184-180-3265,2015-06-09 18:10:23 -0500
Aylin,Dicki,bethany@turner.info,1-952-528-4425,2015-06-09 18:10:23 -0500
Ezra,Hauck,zoey.miller@stark.com,(270) 600-9885 x62383,2015-06-09 18:10:23 -0500
Jacey,Gerlach,ron@haag.com,496-402-7879,2015-06-09 18:10:23 -0500
Tabitha,Rosenbaum,angeline_runolfsdottir@kleinmoen.org,419.669.2550 x988,2015-06-09 18:10:23 -0500
Brennan,Gottlieb,joe@konopelskikuhlman.net,1-207-062-3842 x21846,2015-06-09 18:10:23 -0500
Queenie,Cummerata,nayeli@roob.net,1-321-434-4688 x65633,2015-06-09 18:10:23 -0500
Tevin,Wilderman,terry@windler.info,(908) 545-5683 x2161,2015-06-09 18:10:23 -0500
Sheila,Kuphal,demond_willms@nikolausbrekke.name,1-816-285-1405 x74423,2015-06-09 18:10:23 -0500
Antwon,Funk,alford.cronin@sporer.biz,1-611-392-4191,2015-06-09 18:10:23 -0500
Cathrine,Weber,allison.moriette@konopelskirenner.name,1-469-081-5611 x043,2015-06-09 18:10:23 -0500
Destiney,Wintheiser,christ@kulasbraun.com,1-435-204-4076 x927,2015-06-09 18:10:23 -0500
Webster,Stokes,adam@lefflertillman.name,1-373-288-0910 x4290,2015-06-09 18:10:23 -0500
Arely,Mante,oswald_kozey@block.name,(730) 058-5895,2015-06-09 18:10:23 -0500
Nyasia,Carter,cristian@dickensharber.name,(319) 551-2607 x766,2015-06-09 18:10:23 -0500
Ilene,Heathcote,sunny.bogan@kochstroman.info,1-597-807-3792 x7302,2015-06-09 18:10:23 -0500
Doug,Farrell,francesco_brakus@bode.info,975.587.0810 x352,2015-06-09 18:10:23 -0500
Grady,McCullough,stuart@schoen.net,1-877-236-6126,2015-06-09 18:10:23 -0500
Lavinia,O'Hara,immanuel.funk@hilpertyost.info,983.117.0987,2015-06-09 18:10:23 -0500
Arvid,Hilpert,gregg.fritsch@flatleyankunding.com,(573) 322-5283,2015-06-09 18:10:23 -0500
Sister,Stehr,rudy_adams@greenholtbins.com,104.962.8453,2015-06-09 18:10:23 -0500
Berta,Lueilwitz,holly_anderson@swift.info,750-670-7405,2015-06-09 18:10:23 -0500
Bertrand,Wintheiser,gilda.kreiger@abernathystanton.org,340-144-0041,2015-06-09 18:10:23 -0500
Alexandra,Block,abner@morar.org,(543) 072-3467 x510,2015-06-09 18:10:23 -0500
Griffin,Parker,piper@champlin.org,203.667.4866 x7741,2015-06-09 18:10:23 -0500
Lexi,Schiller,edison@leuschkefeeney.com,818.866.2100,2015-06-09 18:10:23 -0500
Maynard,Nolan,yvonne@torphettinger.name,(158) 046-2574 x51111,2015-06-09 18:10:23 -0500
Murray,Turcotte,alexane.bartell@conn.com,1-850-695-6452 x377,2015-06-09 18:10:23 -0500
Dorothy,Kris,amir@mrazkris.net,1-751-357-3216 x1362,2015-06-09 18:10:23 -0500
Rene,Grant,elisa@harberconroy.name,891-214-5844,2015-06-09 18:10:23 -0500
Uriah,Streich,alene@torphy.net,(661) 318-3524,2015-06-09 18:10:23 -0500
Velda,Bailey,barton.shields@wilkinsonmacgyver.org,846-450-3376 x35142,2015-06-09 18:10:23 -0500
Rodolfo,Reilly,arvel_bruen@doyle.org,378-059-0154,2015-06-09 18:10:23 -0500
Colin,Renner,johathan@boganwuckert.com,501.326.1150,2015-06-09 18:10:23 -0500
Drake,Welch,madaline_cummings@dicki.com,570.150.8455 x32493,2015-06-09 18:10:23 -0500
Malcolm,Jast,vladimir.macejkovic@steuberhammes.org,862.629.9818 x56695,2015-06-09 18:10:23 -0500
Marcella,Koepp,carolanne_rosenbaum@mcclure.biz,723.693.3404 x267,2015-06-09 18:10:23 -0500
Emmalee,Stark,alexane@bailey.name,1-292-870-4044,2015-06-09 18:10:23 -0500
Candace,Tremblay,efrain_sawayn@kuhn.info,(175) 033-4074,2015-06-09 18:10:23 -0500
Kailyn,Hettinger,henry@macgyver.name,1-866-558-3043,2015-06-09 18:10:23 -0500
Aracely,Jacobson,dora@beattyhayes.name,193.016.3102 x1179,2015-06-09 18:10:23 -0500
Arvilla,Gorczany,guadalupe.treutel@kreiger.com,952-369-5096,2015-06-09 18:10:23 -0500
Kiarra,Gutkowski,nettie@koch.name,505.247.7674 x88584,2015-06-09 18:10:23 -0500
Berniece,Larson,jaime@stroman.biz,1-989-163-3320 x81390,2015-06-09 18:10:23 -0500
Donnie,Ondricka,vernice@boyle.com,(167) 166-9341 x22457,2015-06-09 18:10:23 -0500
Thea,Cummerata,flavio.bednar@muller.com,(275) 550-0930,2015-06-09 18:10:23 -0500
Margie,Kerluke,lucious.kovacek@batz.org,583.924.6026 x3171,2015-06-09 18:10:23 -0500
Gino,Ledner,heather_orn@cartwright.com,1-520-852-7524,2015-06-09 18:10:23 -0500
Juliana,Parisian,david@andersonrenner.org,794-828-7984 x28567,2015-06-09 18:10:23 -0500
Forest,Spencer,dorian@bogisichraynor.net,768.063.5267 x464,2015-06-09 18:10:23 -0500
Reanna,Bartoletti,petra@emmerich.org,237-315-4121,2015-06-09 18:10:23 -0500
Nasir,Prosacco,willie_gulgowski@torphy.net,576-435-1087 x367,2015-06-09 18:10:23 -0500
Mabelle,Cole,antonetta@runolfon.net,812.737.3228 x67950,2015-06-09 18:10:23 -0500
America,Kuhn,buford@kulas.org,1-927-923-6396 x299,2015-06-09 18:10:23 -0500
Judy,Toy,noel@heaney.com,453-401-6754,2015-06-09 18:10:23 -0500
Filiberto,Hammes,kenna@krajcik.org,831-569-1683 x7173,2015-06-09 18:10:23 -0500
Hailey,Kuhn,modesta.mckenzie@considine.name,649.717.6602 x477,2015-06-09 18:10:23 -0500
Kamron,Denesik,isabelle_smitham@marks.net,1-763-462-1383,2015-06-09 18:10:23 -0500
Dolly,Effertz,mae@legros.com,880-190-8098,2015-06-09 18:10:23 -0500
Tia,Lesch,angelina@dickens.net,788.960.2069,2015-06-09 18:10:23 -0500
Aniyah,Mertz,art.dooley@schimmel.biz,1-133-694-5157,2015-06-09 18:10:23 -0500
Wilhelmine,Eichmann,judd@renner.biz,1-510-978-8217 x88330,2015-06-09 18:10:23 -0500
Arne,Rath,jett@frami.org,1-235-317-9466 x17599,2015-06-09 18:10:23 -0500
Roberto,Trantow,cloyd@king.info,1-265-577-6227 x151,2015-06-09 18:10:23 -0500
Lolita,Greenfelder,dejuan@moriettestreich.info,155.469.8771 x84297,2015-06-09 18:10:23 -0500
Sibyl,Bode,ardella.mueller@balistreri.name,843-566-4998,2015-06-09 18:10:23 -0500
Shaylee,Carroll,hal@mrazwalter.name,542-776-5150,2015-06-09 18:10:23 -0500
Christian,Schmidt,chadd@zulaufbergnaum.name,(448) 436-0732,2015-06-09 18:10:23 -0500
Frank,Aufderhar,bettie@wunschschmidt.info,606.797.6597 x295,2015-06-09 18:10:23 -0500
Ariel,DuBuque,burdette@dooleycrona.biz,904-482-0702 x9981,2015-06-09 18:10:23 -0500
Colby,Harvey,guy@haag.net,(457) 536-3431 x64786,2015-06-09 18:10:23 -0500
Vada,O'Keefe,louie_jenkins@maggio.biz,267.764.8303,2015-06-09 18:10:23 -0500
Yadira,Sporer,earnest.haag@effertzkemmer.net,1-365-157-9387 x9425,2015-06-09 18:10:23 -0500
Amalia,Carter,rowena_kozey@wuckert.org,852-440-6011,2015-06-09 18:10:23 -0500
Jasmin,Pollich,afton.carter@okeefe.biz,1-736-720-4898 x969,2015-06-09 18:10:23 -0500
Leopold,Kuhlman,jarred_feeney@emmerich.org,1-376-860-1263,2015-06-09 18:10:23 -0500
Toney,Dicki,te@kirlinleffler.com,1-575-700-7843 x61544,2015-06-09 18:10:23 -0500
Ila,Rath,florine@hills.net,(516) 276-3010 x8455,2015-06-09 18:10:23 -0500
Bruce,Johnson,aleandro.kiehn@macgyver.com,693.291.6747,2015-06-09 18:10:23 -0500
Erna,Kuvalis,sigrid@mosciski.info,(986) 203-3932 x107,2015-06-09 18:10:23 -0500
Jakayla,Paucek,robyn_crist@mills.org,275.145.9937,2015-06-09 18:10:23 -0500
Agustina,Witting,durward@goodwin.biz,768-320-3470 x921,2015-06-09 18:10:23 -0500
Arely,Wiza,jaime.dibbert@mohr.info,(915) 385-5331,2015-06-09 18:10:23 -0500
Clara,Grant,eusebio_stehr@lynchpaucek.org,466-679-5860,2015-06-09 18:10:23 -0500
Amya,Collier,gretchen@brakutanton.net,138-808-7619,2015-06-09 18:10:23 -0500
Brooks,Franecki,calista@donnelly.biz,1-656-345-8398 x5966,2015-06-09 18:10:23 -0500
Florine,Upton,shirley@pouros.com,(136) 954-5356,2015-06-09 18:10:23 -0500
Austin,Kunze,darius_gibson@hettingerdouglas.biz,1-935-528-1913 x972,2015-06-09 18:10:23 -0500
Israel,Nader,lauren@dietrich.name,809-089-9266,2015-06-09 18:10:23 -0500
Marcelle,Auer,scot@kemmerrutherford.name,(524) 498-3023,2015-06-09 18:10:23 -0500
Raheem,Rolfson,furman@collinseichmann.com,1-113-998-9129,2015-06-09 18:10:23 -0500
Zechariah,Russel,andreane@kuhlmankertzmann.net,(932) 785-3101 x08319,2015-06-09 18:10:23 -0500
Ethyl,King,jamey@dachmacejkovic.org,320-204-5300,2015-06-09 18:10:23 -0500
Gabe,Larson,cody_trantow@spencer.com,717.405.9997,2015-06-09 18:10:23 -0500
Keyon,Gerlach,reanna@bruenhomenick.name,857-532-1596,2015-06-09 18:10:23 -0500
Brycen,Howe,alicia@goodwinkonopelski.name,1-664-487-1851 x35114,2015-06-09 18:10:23 -0500
Dangelo,Larson,nedra.ankunding@corkery.net,(741) 226-5053 x2714,2015-06-09 18:10:23 -0500
Davonte,Yundt,maci@balistreri.net,1-510-974-9010,2015-06-09 18:10:23 -0500
Aliya,Abshire,zechariah@daughertygraham.name,(357) 458-3337,2015-06-09 18:10:23 -0500
Angeline,Auer,santos.rodriguez@metz.org,(752) 518-9643,2015-06-09 18:10:23 -0500
Aylin,Nolan,keyon@rau.net,(609) 365-9582,2015-06-09 18:10:23 -0500
Shannon,O'Kon,jimmy@nicolas.com,524-184-0914 x9912,2015-06-09 18:10:23 -0500
Eloy,Corwin,rita@nicolaswelch.net,(767) 595-6897 x006,2015-06-09 18:10:23 -0500
Evert,Zulauf,nellie@jastmorar.biz,646-200-7489 x5946,2015-06-09 18:10:23 -0500
Hector,Brown,shad_boehm@witting.biz,393-684-4798 x0831,2015-06-09 18:10:23 -0500
Trever,Dicki,rosemarie.ohara@windler.name,743.043.7069 x03733,2015-06-09 18:10:23 -0500
Harley,Dibbert,kailee@cain.com,1-610-450-8929,2015-06-09 18:10:23 -0500
Aric,Ritchie,rusty@reilly.org,171.806.4882 x99303,2015-06-09 18:10:23 -0500
Rhiannon,Stamm,mckayla@streich.org,246-297-6946 x0798,2015-06-09 18:10:23 -0500
Maximo,Prohaska,brandon.muller@rowe.com,(580) 950-2775,2015-06-09 18:10:23 -0500
Adah,Schultz,humberto.lind@heidenreich.info,1-513-868-8649 x839,2015-06-09 18:10:23 -0500
Maybelle,Murphy,darion.reichel@gorczany.com,585-074-1408 x81325,2015-06-09 18:10:23 -0500
Tierra,Dach,destinee.prosacco@rolfson.info,161.092.5059 x389,2015-06-09 18:10:23 -0500
Kenya,Ruecker,elbert@rolfson.info,497-682-7624 x61818,2015-06-09 18:10:23 -0500
Aurore,Wisozk,vern@leannonfeeney.org,(392) 705-6203,2015-06-09 18:10:23 -0500
Mafalda,Trantow,laurine.grimes@okon.org,(787) 956-6867 x9022,2015-06-09 18:10:23 -0500
Marlene,Roob,arch@gerlachnader.biz,(157) 405-8059,2015-06-09 18:10:23 -0500
Alexandre,Turner,nadia.bauch@armstrongbahringer.info,450.442.0342 x89481,2015-06-09 18:10:23 -0500
Milford,Stokes,jeffery_prosacco@altenwerth.com,211-611-7853,2015-06-09 18:10:23 -0500
Gaetano,Ledner,cory@mcglynn.com,242.499.1737,2015-06-09 18:10:23 -0500
Noemie,Johns,daniela_herman@gulgowski.net,(780) 201-4328,2015-06-09 18:10:23 -0500
Carissa,Ruecker,bulah@durganspencer.com,107.914.8531 x820,2015-06-09 18:10:23 -0500
Mabelle,Kris,karolann@cain.info,(312) 576-8757 x276,2015-06-09 18:10:23 -0500
Pearlie,Mills,gerard_marquardt@mohrbuckridge.net,800-759-8221,2015-06-09 18:10:23 -0500
Cassidy,Wuckert,paris.mccullough@ward.biz,611.352.9564,2015-06-09 18:10:23 -0500
Jovani,Boehm,krystel.treutel@bergstromrunolfon.net,959-564-4191 x307,2015-06-09 18:10:23 -0500
Taryn,Pfeffer,tate.steuber@rodriguezmurphy.org,395-469-0643,2015-06-09 18:10:23 -0500
Neha,Greenfelder,ryley_ankunding@streichmacgyver.net,699-984-7924,2015-06-09 18:10:23 -0500
Ray,Krajcik,dexter.fadel@blickjones.name,(257) 680-1031,2015-06-09 18:10:23 -0500
Sheridan,Huel,jarvis@huel.net,682.219.3914,2015-06-09 18:10:23 -0500
Bennett,Boyer,orpha.gusikowski@paucekheathcote.net,1-871-606-6555,2015-06-09 18:10:23 -0500
Cora,Skiles,rafael@kub.com,224.454.5728,2015-06-09 18:10:23 -0500
Mustafa,Trantow,miouri@kunde.info,1-576-180-7405 x02154,2015-06-09 18:10:23 -0500
Kiera,Gutmann,nils@rolfson.name,144.129.4713 x9969,2015-06-09 18:10:23 -0500
Guido,Moore,antonette.kerluke@batz.name,640-970-3211 x2749,2015-06-09 18:10:23 -0500
Maria,Lemke,elva.daugherty@skiles.biz,(864) 590-0574 x706,2015-06-09 18:10:23 -0500
Thea,Thiel,consuelo_bergstrom@hackett.name,632.610.3367 x464,2015-06-09 18:10:23 -0500
Jeremie,Altenwerth,daija.flatley@mueller.net,(979) 763-7416,2015-06-09 18:10:23 -0500
Domingo,Carter,dejuan_greenfelder@cartwright.biz,126-675-9097 x614,2015-06-09 18:10:23 -0500
Jaylan,Dietrich,henriette_emmerich@collinslynch.com,(549) 888-6865,2015-06-09 18:10:23 -0500
Stan,Dooley,karli@prosacco.name,(795) 016-6209 x838,2015-06-09 18:10:23 -0500
Lura,Strosin,caandra.murray@maggiolang.info,759.690.7905 x1625,2015-06-09 18:10:23 -0500
Florida,Kilback,leonardo@ornruel.com,1-701-487-5764 x25434,2015-06-09 18:10:23 -0500
Amaya,Senger,golden_swift@mcculloughwill.org,961-230-6057 x743,2015-06-09 18:10:23 -0500
Dessie,Erdman,rhiannon.hackett@fisherrau.biz,1-775-754-1818 x5987,2015-06-09 18:10:23 -0500
Odie,Gislason,alfred@swift.info,1-432-159-6470 x626,2015-06-09 18:10:23 -0500
Aryanna,Douglas,carolanne@oconnellkihn.name,297.789.7458,2015-06-09 18:10:23 -0500
Daren,Nicolas,ernie@hahn.info,(461) 647-2319 x98382,2015-06-09 18:10:23 -0500
Eldora,Nitzsche,wilmer@cartwrightdonnelly.com,291-385-5853,2015-06-09 18:10:23 -0500
Tamia,McDermott,rosalinda.hilll@emmerichkilback.name,1-636-082-5345,2015-06-09 18:10:23 -0500
Don,Carter,donavon.bartell@keler.com,932.617.4142,2015-06-09 18:10:23 -0500
Cordie,Rohan,caidy.koch@huels.org,327.522.4342 x6854,2015-06-09 18:10:23 -0500
Alessandra,Murazik,haie@kingjacobs.org,(213) 765-5126,2015-06-09 18:10:23 -0500
Caleb,Donnelly,jaquan_reichel@beattydavis.net,977-693-1498 x22446,2015-06-09 18:10:23 -0500
Wallace,Witting,jane@gaylord.com,1-747-624-3235 x5291,2015-06-09 18:10:23 -0500
Matilde,Weber,jeika@wyman.biz,(118) 580-5119,2015-06-09 18:10:23 -0500
Roberto,Grady,ulises_rippin@abbottschuppe.biz,(650) 861-8274 x4752,2015-06-09 18:10:23 -0500
Mauricio,Johnston,bailee@abernathy.biz,(213) 233-1661,2015-06-09 18:10:23 -0500
Malachi,Luettgen,chyna@leannon.com,158.991.0931 x9021,2015-06-09 18:10:23 -0500
Lexus,Romaguera,william.connelly@simonisjones.net,1-663-169-7370,2015-06-09 18:10:23 -0500
Chaim,Simonis,bertrand@boyle.org,(462) 262-7254 x33436,2015-06-09 18:10:23 -0500
Kacey,Schmitt,giovanni@bruen.com,(818) 426-9173 x091,2015-06-09 18:10:23 -0500
Shana,Stroman,keara@gleason.info,(721) 322-4843 x300,2015-06-09 18:10:23 -0500
Olin,Bashirian,tom@weber.com,926-534-5343,2015-06-09 18:10:23 -0500
Fredrick,Kerluke,alejandra@ernser.org,(915) 484-7765 x1294,2015-06-09 18:10:23 -0500
Norval,Jast,maiya_kaulke@stokes.net,1-148-435-7221 x720,2015-06-09 18:10:23 -0500
Nicholaus,Collins,frida@ward.org,743.490.0833 x60815,2015-06-09 18:10:23 -0500
Katelin,Lakin,humberto_grady@mills.net,327-524-3236 x09459,2015-06-09 18:10:23 -0500
Reymundo,Ruecker,reba@lakin.net,1-929-263-5168 x5352,2015-06-09 18:10:23 -0500
Beverly,Vandervort,jordane@armstrong.org,(965) 299-4223 x217,2015-06-09 18:10:23 -0500
Alana,Bogan,marshall@toy.biz,321-274-7654,2015-06-09 18:10:23 -0500
Rey,Lehner,hermina_armstrong@langworth.name,(591) 619-5091 x382,2015-06-09 18:10:23 -0500
Bradly,Bashirian,tevin@roob.net,1-861-070-7224,2015-06-09 18:10:23 -0500
Daniella,Medhurst,brett_lang@daugherty.info,(613) 868-0722,2015-06-09 18:10:23 -0500
Pamela,Collins,sigmund.lockman@krajciklarson.biz,884.089.3734 x32300,2015-06-09 18:10:23 -0500
Agustin,Lemke,consuelo.lubowitz@connelly.org,254.528.3044 x8450,2015-06-09 18:10:23 -0500
Freida,Keeling,nelda.stanton@stehr.net,887.127.9107 x8910,2015-06-09 18:10:23 -0500
Quincy,O'Keefe,astrid_schowalter@rau.name,(441) 268-3235 x9759,2015-06-09 18:10:23 -0500
Harmony,Weissnat,isac@botsford.info,622-624-0031 x0876,2015-06-09 18:10:23 -0500
Lauren,Hickle,abigayle@starkkulas.info,1-314-841-5778 x915,2015-06-09 18:10:23 -0500
Ethyl,Strosin,meghan_prohaska@bernhard.org,867.197.7544 x2516,2015-06-09 18:10:23 -0500
Jermey,Feest,edwardo.mraz@ko.info,(282) 693-1410,2015-06-09 18:10:23 -0500
Halie,Pollich,margot@hills.com,1-167-229-4974 x4203,2015-06-09 18:10:23 -0500
Ruthie,Hauck,woodrow@hartmann.com,275-727-1562,2015-06-09 18:10:23 -0500
Malachi,McKenzie,adrianna@gorczanyharvey.com,(166) 540-6789 x532,2015-06-09 18:10:23 -0500
Adolphus,Emard,alison@lefflerhauck.org,(100) 476-7949 x4258,2015-06-09 18:10:23 -0500
Frieda,Mraz,enrico_ritchie@hoppe.com,(932) 390-0837 x1262,2015-06-09 18:10:23 -0500
Madison,Ruecker,lyla.macgyver@tromp.net,(341) 283-8091,2015-06-09 18:10:23 -0500
Thurman,Wyman,warren@hackett.net,666-698-5501,2015-06-09 18:10:23 -0500
Alphonso,Schaefer,sandy_gislason@greenholt.com,(201) 312-7954,2015-06-09 18:10:23 -0500
Enid,Hessel,cyrus.schamberger@bahringer.name,1-133-509-4341 x40337,2015-06-09 18:10:23 -0500
Conner,Goyette,savion.ohara@rauwalsh.net,(958) 504-5844 x2353,2015-06-09 18:10:23 -0500
Matt,Kirlin,sydni.murazik@moriette.info,503-511-4019 x3690,2015-06-09 18:10:23 -0500
Tremaine,Schaefer,henderson.nikolaus@krajcik.net,269.187.7384,2015-06-09 18:10:23 -0500
Gino,Hamill,mittie@ernserbednar.biz,1-627-749-6160 x178,2015-06-09 18:10:23 -0500
Alisa,Hintz,trystan.abernathy@bergstrom.org,(559) 946-1036,2015-06-09 18:10:23 -0500
Reynold,Hintz,jamir@volkman.net,584.731.3867 x829,2015-06-09 18:10:23 -0500
Einar,Gleason,leann@reichelzboncak.info,101-281-8167 x70224,2015-06-09 18:10:23 -0500
Anthony,Feil,margie.rempel@homenick.biz,773-811-9394 x2846,2015-06-09 18:10:23 -0500
Modesta,D'Amore,gennaro.boehm@pfeffer.net,1-471-662-2013 x076,2015-06-09 18:10:23 -0500
Brock,Grimes,marquis@bogan.net,1-574-332-6763,2015-06-09 18:10:23 -0500
Janick,Nicolas,marge_gottlieb@weinat.info,1-777-319-9230,2015-06-09 18:10:23 -0500
Helene,Wintheiser,alyon.eichmann@veum.net,922.351.4200 x291,2015-06-09 18:10:23 -0500
Hardy,Hauck,haylie_ward@champlin.biz,(338) 458-5154,2015-06-09 18:10:23 -0500
Franco,Lueilwitz,dean.kiehn@bechtelarwindler.info,317-166-1015,2015-06-09 18:10:23 -0500
Ceasar,Beatty,nelson.wyman@friesen.biz,686.545.0116,2015-06-09 18:10:23 -0500
Arely,Kemmer,guido.simonis@hanefisher.info,324.517.1781,2015-06-09 18:10:23 -0500
Jayde,Hilll,halie.gottlieb@hyattmonahan.name,988-689-7038,2015-06-09 18:10:23 -0500
Cordie,Gorczany,keshawn.fay@rath.name,(847) 356-9128 x53301,2015-06-09 18:10:23 -0500
Boris,Bosco,rocio_wisoky@little.biz,611-726-8142 x4861,2015-06-09 18:10:23 -0500
Mellie,Dooley,myah@rutherford.org,270.271.9970,2015-06-09 18:10:23 -0500
Armand,Krajcik,marcelina.hermann@schmitthartmann.biz,(204) 566-5659 x227,2015-06-09 18:10:23 -0500
Alisha,Feil,lila_kunze@macgyver.info,241-634-5796,2015-06-09 18:10:23 -0500
Keyshawn,Spencer,jensen@breitenberg.biz,1-189-220-3396 x0622,2015-06-09 18:10:23 -0500
Claudine,Block,damaris.shields@bergnaum.biz,904.733.8415,2015-06-09 18:10:23 -0500
Richmond,Medhurst,torey@blockkerluke.biz,(597) 793-9602,2015-06-09 18:10:23 -0500
Tomas,Wolf,devante@white.com,593-515-1216,2015-06-09 18:10:23 -0500
Jayden,Rohan,lucie@senger.net,650-422-5070 x3253,2015-06-09 18:10:23 -0500
Roel,Effertz,dallas_dubuque@denesikjohns.com,151.573.7265,2015-06-09 18:10:23 -0500
Tyler,Dickinson,carli@kreiger.net,828.372.9317 x64568,2015-06-09 18:10:23 -0500
Reece,Klocko,susanna@nicolasdavis.org,726-199-5669,2015-06-09 18:10:23 -0500
Linnie,Williamson,harley.wintheiser@hintz.net,1-566-768-9832 x86549,2015-06-09 18:10:23 -0500
Jedediah,Muller,katlynn@carroll.net,1-924-021-5349 x77042,2015-06-09 18:10:23 -0500
Delaney,Blick,rahul_hudson@mayert.name,1-579-126-7856 x83768,2015-06-09 18:10:23 -0500
Vada,Satterfield,ericka@grady.biz,174-397-7743 x341,2015-06-09 18:10:23 -0500
Cleora,Beier,lukas.sawayn@kreiger.com,1-625-634-0515 x7453,2015-06-09 18:10:23 -0500
Eve,Runolfsson,nella_kreiger@wehnerbreitenberg.info,406-583-3843,2015-06-09 18:10:23 -0500
Alek,Bartell,darius@schiller.com,115.486.0134 x311,2015-06-09 18:10:23 -0500
Alva,Heathcote,jimmie_larson@kunze.name,1-790-269-3955,2015-06-09 18:10:23 -0500
Dane,Metz,juvenal.carroll@mcclure.com,600.709.2160 x4144,2015-06-09 18:10:23 -0500
Mozell,Hayes,melany@binswalsh.org,538.861.4056,2015-06-09 18:10:23 -0500
Joaquin,Lowe,moses.toy@jacobi.name,787.025.1438,2015-06-09 18:10:23 -0500
Rosanna,Heaney,micheal_mcglynn@king.biz,(365) 262-8364,2015-06-09 18:10:23 -0500
Lori,Cummerata,felicia_kaulke@swift.com,197.894.8768 x45172,2015-06-09 18:10:23 -0500
Emilia,Gleichner,brooks@wiegand.net,977-964-5090 x0616,2015-06-09 18:10:23 -0500
Garrick,Oberbrunner,andy_yost@kunze.com,850.302.3453 x9909,2015-06-09 18:10:23 -0500
Tod,Gutkowski,enrico.jones@runolfon.org,459.545.2995,2015-06-09 18:10:23 -0500
Lysanne,Smith,jacynthe.okuneva@macgyver.com,610.885.9305,2015-06-09 18:10:23 -0500
Alexandra,Hintz,janiya@labadie.com,(541) 351-3864,2015-06-09 18:10:23 -0500
Albert,Heaney,yolanda@franecki.name,332-016-3731,2015-06-09 18:10:23 -0500
Rodrigo,O'Connell,ida@stoltenberghowell.biz,1-911-896-3585,2015-06-09 18:10:23 -0500
Dolly,Champlin,patience.lynch@fadelmedhurst.org,880.315.5406,2015-06-09 18:10:23 -0500
Francis,Marquardt,watson_zieme@lebsack.com,858-916-7525 x9011,2015-06-09 18:10:23 -0500
Trey,Torphy,emile@keebler.com,493.461.5468 x695,2015-06-09 18:10:23 -0500
Joel,Hand,kaylie@bahringer.org,1-694-577-6928 x363,2015-06-09 18:10:23 -0500
Bryana,Cronin,douglas_goodwin@mccullough.org,679-010-1527,2015-06-09 18:10:23 -0500
Osvaldo,MacGyver,nick@effertz.net,741.506.4854,2015-06-09 18:10:23 -0500
Kaia,Thompson,lilliana_streich@huels.biz,(136) 168-1163 x16253,2015-06-09 18:10:23 -0500
Peter,Daugherty,asha_reichert@huel.info,619-904-8862 x3090,2015-06-09 18:10:23 -0500
Violette,Turner,derrick@weinatherzog.com,1-860-071-2916 x73842,2015-06-09 18:10:23 -0500
Guido,Volkman,loraine_nolan@herzog.info,740-592-9383 x14020,2015-06-09 18:10:23 -0500
Dustin,Nader,casey.mann@mayer.biz,802-613-3544 x58825,2015-06-09 18:10:23 -0500
Isabella,Considine,maudie@heidenreichbeahan.net,913-894-3874 x837,2015-06-09 18:10:23 -0500
Kaela,Bergnaum,schuyler@gorczany.net,180.129.4654 x48427,2015-06-09 18:10:23 -0500
Gertrude,Miller,elwyn_hermiston@gleasonstamm.info,974-032-0309 x367,2015-06-09 18:10:23 -0500
Juvenal,Little,alexandra_stoltenberg@andersonpaucek.net,941.644.7292 x98013,2015-06-09 18:10:23 -0500
Quentin,Kassulke,morgan.yost@hansen.name,(526) 630-1421 x1343,2015-06-09 18:10:23 -0500
Caleb,Feest,shannon@corkery.org,986.038.9451 x9900,2015-06-09 18:10:23 -0500
Dolores,Crona,viviane@adams.com,(303) 121-7387 x092,2015-06-09 18:10:23 -0500
Darby,Toy,monte@wiegand.com,(262) 975-5031 x47057,2015-06-09 18:10:23 -0500
Emelie,McKenzie,reymundo@klocko.info,839-481-2898,2015-06-09 18:10:23 -0500
Delmer,Block,neoma.ankunding@goyette.name,1-503-706-1912 x638,2015-06-09 18:10:23 -0500
Ransom,Hilpert,beaulah@blanda.org,1-626-277-4183,2015-06-09 18:10:23 -0500
Libby,Bernhard,dejon@rau.info,1-129-161-9162 x88441,2015-06-09 18:10:23 -0500
Arlie,Olson,anjali_lakin@heaney.biz,323-212-7762 x163,2015-06-09 18:10:23 -0500
Kody,Spinka,kevin@roob.info,453.013.6379 x16687,2015-06-09 18:10:23 -0500
Devin,Keebler,jackie_bode@fisher.info,1-622-155-6783,2015-06-09 18:10:23 -0500
Cedrick,Kiehn,cleve_hickle@mcclure.org,103.955.6174 x749,2015-06-09 18:10:23 -0500
Meghan,Glover,rubie@okonstiedemann.net,(972) 947-2044,2015-06-09 18:10:23 -0500
Eileen,Johns,maci@kriswintheiser.net,586.811.8676,2015-06-09 18:10:23 -0500
Kelsie,Herman,earlene_oconnell@nolanhoeger.net,815-404-5004 x8943,2015-06-09 18:10:23 -0500
Wendy,Hintz,nelle@heidenreichzemlak.biz,1-171-656-9814,2015-06-09 18:10:23 -0500
Emilia,Kessler,elody@jacobi.name,418-569-3983 x81596,2015-06-09 18:10:23 -0500
Luz,Stroman,camille@hoppequitzon.net,(869) 823-8924,2015-06-09 18:10:23 -0500
Mckenna,Schuppe,brianne@greenholt.com,(589) 266-2743,2015-06-09 18:10:23 -0500
Brigitte,Hackett,coy@boganking.org,(978) 448-6515 x9050,2015-06-09 18:10:23 -0500
Sterling,Carroll,tristian_harvey@wuckert.com,1-521-464-7785,2015-06-09 18:10:23 -0500
Michael,Larkin,hyman_pagac@smitham.org,1-299-598-7982,2015-06-09 18:10:23 -0500
Hollis,Ledner,gerda@bayer.org,844.877.5285 x947,2015-06-09 18:10:23 -0500
Walker,Gleichner,robyn@weinat.info,(903) 142-6447 x370,2015-06-09 18:10:23 -0500
Caterina,Anderson,jarrell@hilpert.com,574-402-8906 x00279,2015-06-09 18:10:23 -0500
Jena,Feeney,lew.white@danielschinner.name,(951) 203-7274,2015-06-09 18:10:23 -0500
Calista,Altenwerth,halie.trantow@bernhardmayert.org,206.390.5926 x525,2015-06-09 18:10:23 -0500
Jack,Morissette,zackery.kreiger@prohaska.com,699-285-4189 x16476,2015-06-09 18:10:23 -0500
Krystina,Swift,brianne_wilkinson@feeneyhermiston.net,1-147-036-3363,2015-06-09 18:10:23 -0500
Joyce,Johnston,rachael@fisher.net,472-683-0011 x22010,2015-06-09 18:10:23 -0500
Agnes,Mann,leda@jonespowlowski.com,1-725-040-5124,2015-06-09 18:10:23 -0500
Aileen,Muller,rubie.romaguera@collier.com,1-286-647-0573 x72210,2015-06-09 18:10:23 -0500
Royce,Schmidt,nels@roob.info,(178) 516-1587,2015-06-09 18:10:23 -0500
Magali,Fay,johnson.schmeler@adamswalker.info,670.013.4836 x93486,2015-06-09 18:10:23 -0500
Friedrich,Davis,lucious.marks@gutkowski.name,(133) 404-3157,2015-06-09 18:10:23 -0500
Pinkie,Rogahn,alexa.littel@rutherford.com,598-629-9975,2015-06-09 18:10:23 -0500
Adonis,Marquardt,brando.padberg@lebsack.biz,(172) 674-1031 x79841,2015-06-09 18:10:23 -0500
Joey,White,cordell@bechtelardietrich.info,(819) 949-4911 x419,2015-06-09 18:10:23 -0500
Heather,Gulgowski,enrico@dooley.org,529-434-3639,2015-06-09 18:10:23 -0500
Isac,Dietrich,sarina_ritchie@heller.net,194-524-3980 x9331,2015-06-09 18:10:23 -0500
Laney,McDermott,santino@watsicaskiles.com,1-232-081-6761,2015-06-09 18:10:23 -0500
Lynn,Tillman,jorge_dicki@runolfsdottirquigley.name,696.714.0903 x64144,2015-06-09 18:10:23 -0500
Lacy,Mann,loma@schumm.org,817-405-6367,2015-06-09 18:10:23 -0500
Adalberto,Feil,bonita_osinski@bartoletti.org,767-341-0500 x991,2015-06-09 18:10:23 -0500
Sanford,Ward,imani.okeefe@leuschkestamm.name,(100) 060-9202 x241,2015-06-09 18:10:23 -0500
Macey,Schroeder,dawson@millerabbott.name,1-745-610-4368,2015-06-09 18:10:23 -0500
Otto,Konopelski,katlynn.watsica@abshirequitzon.net,1-200-594-1294 x49959,2015-06-09 18:10:23 -0500
Ora,Bechtelar,kurt@beerlarson.com,1-844-544-7529,2015-06-09 18:10:23 -0500
Ari,Harber,lucie@townedicki.info,(366) 888-4701 x362,2015-06-09 18:10:23 -0500
Lilla,Kling,lonnie_schroeder@danielbahringer.biz,818.932.4380 x4463,2015-06-09 18:10:23 -0500
Jarrod,Toy,laurence.casper@jerdegulgowski.info,1-585-023-3890 x960,2015-06-09 18:10:23 -0500
Bradford,Ward,geovany@torpreilly.name,1-769-668-9637 x9240,2015-06-09 18:10:23 -0500
Jovani,Price,michelle@pfannerstill.name,314.934.1269 x766,2015-06-09 18:10:23 -0500
Chyna,Kertzmann,fabian@graham.biz,442-902-8389,2015-06-09 18:10:23 -0500
Wilfred,Kerluke,craig_kaulke@dare.info,1-847-599-2205,2015-06-09 18:10:23 -0500
Jadyn,Hilpert,king_powlowski@barton.net,408.796.7513,2015-06-09 18:10:23 -0500
Anabel,Rohan,alfredo.wisoky@sipes.com,182-146-1192 x355,2015-06-09 18:10:23 -0500
Otilia,Rempel,roie@ruel.info,526.078.2231 x15320,2015-06-09 18:10:23 -0500
Keanu,Jacobson,aracely@hueldenesik.info,(223) 963-6287,2015-06-09 18:10:23 -0500
Jewel,Kub,beaulah.green@schumm.name,811-529-2459 x44841,2015-06-09 18:10:23 -0500
Carolanne,Ankunding,erna@williamson.com,1-788-716-9313 x5966,2015-06-09 18:10:23 -0500
Jammie,Berge,violette@denesikherzog.net,876.553.3451 x081,2015-06-09 18:10:23 -0500
Ole,Watsica,ayana.bashirian@ledner.info,(564) 608-6132 x0264,2015-06-09 18:10:23 -0500
Janie,Paucek,marta@ebertharber.org,(729) 801-8504,2015-06-09 18:10:23 -0500
Violette,Trantow,aimee.corkery@wisozk.name,734-644-3754 x71127,2015-06-09 18:10:23 -0500
Dayton,Von,alvena@green.name,(849) 778-5093,2015-06-09 18:10:23 -0500
Kristoffer,Renner,isidro_murray@stehr.biz,375-282-9044,2015-06-09 18:10:23 -0500
Lew,Hahn,reid_renner@sipes.info,411-170-9539,2015-06-09 18:10:23 -0500
Eli,Mraz,madelynn_bartoletti@altenwerthbednar.net,(985) 469-4887 x3216,2015-06-09 18:10:23 -0500
Karl,Ullrich,carrie.kuhlman@howe.biz,765.220.3154,2015-06-09 18:10:23 -0500
Brittany,Gislason,eryn.shanahan@swaniawski.name,596.063.9135 x145,2015-06-09 18:10:23 -0500
Krystel,Turner,abigail@champlingrimes.com,(883) 451-4267 x657,2015-06-09 18:10:23 -0500
Madison,Koelpin,emily@lockman.info,760-439-1461 x586,2015-06-09 18:10:23 -0500
Jan,Erdman,emiliano@beattyorn.info,205.093.3321 x09969,2015-06-09 18:10:23 -0500
Cyrus,Crist,norval@vandervortruecker.biz,980-971-8778 x24150,2015-06-09 18:10:23 -0500
Earlene,Monahan,janet.cummings@swift.net,(374) 033-7910 x00483,2015-06-09 18:10:23 -0500
Ted,Mann,dannie.ledner@haucklehner.com,480-578-3067 x454,2015-06-09 18:10:23 -0500
Misael,Effertz,delphia_cartwright@cruickshank.org,328.378.4203 x068,2015-06-09 18:10:23 -0500
Frederique,Bartoletti,alexzander@waelchi.biz,185.143.0068,2015-06-09 18:10:23 -0500
Doug,Ortiz,lorenz_bernhard@turnerjenkins.name,169-194-9301,2015-06-09 18:10:23 -0500
Joshua,Lehner,molly@olsonoconner.info,1-936-187-1516 x6177,2015-06-09 18:10:23 -0500
Bruce,Greenfelder,richmond_emmerich@koelpin.biz,522.312.2343,2015-06-09 18:10:23 -0500
Brandy,Lindgren,roy@douglas.info,(824) 185-5642 x92434,2015-06-09 18:10:23 -0500
Dion,Wilkinson,stefan.kunde@waters.com,1-554-008-6461,2015-06-09 18:10:23 -0500
Colton,Botsford,william.dach@gorczany.org,(602) 984-6100 x0552,2015-06-09 18:10:23 -0500
Filomena,Schaefer,eino_windler@lind.name,664-227-8713,2015-06-09 18:10:23 -0500
Wilmer,Keebler,alda@bergstromdonnelly.net,310-167-1103 x822,2015-06-09 18:10:23 -0500
Lorenza,Russel,adrianna_franecki@cummings.org,(892) 024-6524,2015-06-09 18:10:23 -0500
Bette,Stoltenberg,maude@goodwin.info,651-007-5490 x944,2015-06-09 18:10:23 -0500
Jayson,Tillman,nya@cremin.com,366.569.9298 x61805,2015-06-09 18:10:23 -0500
Titus,Heaney,joel.beahan@koch.name,652-101-4444 x04759,2015-06-09 18:10:23 -0500
Estel,Jacobson,emory.prosacco@feeney.com,(953) 446-2265,2015-06-09 18:10:23 -0500
Marjorie,Nikolaus,regan_bechtelar@okuneva.com,1-769-624-1644,2015-06-09 18:10:23 -0500
Francesca,Shanahan,avery@pfeffer.org,(662) 383-9416,2015-06-09 18:10:23 -0500
Wendell,Hodkiewicz,verlie@barrows.name,653-221-5673,2015-06-09 18:10:23 -0500
Reta,O'Conner,christina.damore@rogahn.info,(226) 115-3098,2015-06-09 18:10:23 -0500
Rusty,Friesen,gudrun.bins@kautzerfriesen.com,(420) 829-9796 x8396,2015-06-09 18:10:23 -0500
Virgie,Legros,paxton@bergnaum.info,386-387-0221,2015-06-09 18:10:23 -0500
Ciara,Schoen,teie.koelpin@borer.info,(188) 889-3490,2015-06-09 18:10:23 -0500
Loma,Prohaska,natalie.purdy@naderschinner.net,642.898.2506,2015-06-09 18:10:23 -0500
Margarette,Marquardt,zachery.beer@macejkovic.org,(242) 412-9405,2015-06-09 18:10:23 -0500
Sadie,Howe,johnathan.kihn@corkery.net,857-578-1844,2015-06-09 18:10:23 -0500
Jessy,Wilderman,micheal.gerhold@damore.com,(953) 242-1357 x320,2015-06-09 18:10:23 -0500
Bobby,Hansen,verda@turcottesauer.net,(155) 377-9738 x3023,2015-06-09 18:10:23 -0500
Amelie,Howell,alaina.schaden@crooks.info,1-422-121-5666 x3208,2015-06-09 18:10:23 -0500
Cheyanne,Ratke,robbie.koepp@weimann.net,939-432-0869,2015-06-09 18:10:23 -0500
Chester,Haley,randy@schaden.net,852-137-2945,2015-06-09 18:10:23 -0500
Adonis,Lowe,keyon_kiehn@anderson.biz,107.764.4074 x3655,2015-06-09 18:10:23 -0500
Grady,Johns,micaela@herman.net,(630) 657-0182 x1678,2015-06-09 18:10:23 -0500
Belle,Mante,christop.hoppe@zieme.org,1-512-629-4431,2015-06-09 18:10:23 -0500
Thalia,Kuhic,maud.sanford@yundt.name,124.960.3055 x408,2015-06-09 18:10:23 -0500
Jolie,Daugherty,rozella@oreilly.biz,838-352-8657 x6952,2015-06-09 18:10:23 -0500
Domenica,Rath,ryann@parisian.biz,854-624-3154 x961,2015-06-09 18:10:23 -0500
Jadon,Abshire,hellen@shields.biz,838.354.8328 x479,2015-06-09 18:10:23 -0500
Eliezer,Effertz,anjali@shields.com,1-650-671-2605,2015-06-09 18:10:23 -0500
Khalid,Goldner,selina.stehr@dickinson.name,348.747.0578 x3100,2015-06-09 18:10:23 -0500
Laila,Christiansen,camille@mraz.com,1-295-225-6610 x68076,2015-06-09 18:10:23 -0500
Toney,Schiller,kiel.wisozk@adams.info,380.198.4934,2015-06-09 18:10:23 -0500
Efrain,Reichel,jennings.goodwin@raynor.biz,787.719.6007,2015-06-09 18:10:23 -0500
Osbaldo,Ryan,cristobal@whiteebert.info,(893) 530-4011,2015-06-09 18:10:23 -0500
Reta,Schoen,carolanne_langosh@rice.org,511-758-2207 x609,2015-06-09 18:10:23 -0500
Justen,Pacocha,gunner.larkin@metz.info,(719) 923-4851,2015-06-09 18:10:23 -0500
Brielle,Medhurst,shanon.blanda@cummingsbode.org,626-603-0232,2015-06-09 18:10:23 -0500
Teresa,Armstrong,laverne@mcclurestark.info,269.927.4871,2015-06-09 18:10:23 -0500
Jerel,Hintz,isabel@langworth.biz,(113) 757-2863 x07099,2015-06-09 18:10:23 -0500
Clyde,Kiehn,natalie.mante@turcotte.name,957-454-9426,2015-06-09 18:10:23 -0500
Libby,Dickens,landen.leuschke@lebsack.org,582-233-4293 x76418,2015-06-09 18:10:23 -0500
Erick,O'Kon,toni_gorczany@yostkreiger.biz,1-806-849-4351 x91900,2015-06-09 18:10:23 -0500
Rasheed,Rohan,maxine.runte@dickihagenes.biz,906-138-4857 x38231,2015-06-09 18:10:23 -0500
Gavin,Hills,sasha@collier.net,291.520.5928 x8408,2015-06-09 18:10:23 -0500
Norberto,Aufderhar,hosea@pfannerstill.name,(233) 719-7358,2015-06-09 18:10:23 -0500
Elroy,Mills,mackenzie@mcdermottnicolas.net,(742) 509-5634,2015-06-09 18:10:23 -0500
Garrison,Greenfelder,ralph_gottlieb@krajcik.com,(752) 317-3424,2015-06-09 18:10:23 -0500
Griffin,Johns,jedidiah@labadie.com,776-011-0844 x7562,2015-06-09 18:10:23 -0500
Travis,Hyatt,fredy.prohaska@hettinger.com,436-569-3556,2015-06-09 18:10:23 -0500
Jaunita,Waelchi,hillary.collins@donnelly.info,1-467-292-6954 x01617,2015-06-09 18:10:23 -0500
Amos,Schuppe,carley.quitzon@hintzweimann.org,835.383.6316 x303,2015-06-09 18:10:23 -0500
Zora,Stokes,birdie@schuster.org,330.882.3736 x893,2015-06-09 18:10:23 -0500
Travis,Jenkins,christopher@oberbrunner.name,336-320-3809 x1839,2015-06-09 18:10:23 -0500
Erin,Hermann,tod@cormier.net,(533) 161-8227 x047,2015-06-09 18:10:23 -0500
Malinda,Hoeger,freida@ratkeschultz.com,695.524.5431 x820,2015-06-09 18:10:23 -0500
Freeda,Lebsack,jake_mcglynn@orn.org,513.236.5845,2015-06-09 18:10:23 -0500
Maverick,Kuhic,earnest.skiles@bayermann.com,218-748-8224 x927,2015-06-09 18:10:23 -0500
Destini,Mayert,gideon.wiegand@jerdeshields.org,1-827-269-9475,2015-06-09 18:10:23 -0500
Houston,Considine,thurman@ebert.info,(878) 335-8790 x0039,2015-06-09 18:10:23 -0500
Shea,Willms,bria.rice@flatley.net,807-057-0797,2015-06-09 18:10:23 -0500
Jody,Goldner,golda_gerlach@hilpert.biz,348-194-6747,2015-06-09 18:10:23 -0500
Madalyn,D'Amore,jermey.mosciski@fadel.net,881.743.5216 x869,2015-06-09 18:10:23 -0500
Reese,Shanahan,janiya_dickens@pfannerstill.biz,1-254-315-5777,2015-06-09 18:10:23 -0500
Christophe,Windler,wilmer@corkery.com,1-719-235-7376,2015-06-09 18:10:23 -0500
Erika,Dibbert,shanel@adams.org,(878) 060-2959,2015-06-09 18:10:23 -0500
Darby,Wunsch,kane@kohler.name,1-378-504-5634,2015-06-09 18:10:23 -0500
Lucinda,Dare,jovan.hickle@mraz.biz,335.466.4242 x6625,2015-06-09 18:10:23 -0500
Elijah,Bashirian,alvera@baumbach.info,917-678-4345,2015-06-09 18:10:23 -0500
Pansy,Deckow,hubert@bauch.info,730.849.0807 x730,2015-06-09 18:10:23 -0500
Edgardo,King,myrtle.renner@wymanernser.name,434.695.3161,2015-06-09 18:10:23 -0500
Nakia,Turcotte,raphaelle@renner.com,1-841-944-4897 x60779,2015-06-09 18:10:23 -0500
Rosario,Powlowski,freddie.schmidt@oconnell.org,(967) 279-0135,2015-06-09 18:10:23 -0500
Kayla,Cronin,adrianna.hartmann@borerjakubowski.org,1-861-932-7577,2015-06-09 18:10:23 -0500
Kathlyn,Ryan,aleen_stoltenberg@monahan.net,399.552.8850 x4394,2015-06-09 18:10:23 -0500
Lambert,Friesen,chanel@jakubowski.net,1-346-131-7906,2015-06-09 18:10:23 -0500
Magnus,Moore,clemmie.hilpert@jast.name,(491) 391-6289,2015-06-09 18:10:23 -0500
Arianna,Pfannerstill,edwardo@wintheiser.org,357-324-7254 x96886,2015-06-09 18:10:23 -0500
Shanny,Veum,bret_kiehn@stanton.biz,421.399.3534,2015-06-09 18:10:23 -0500
June,Sawayn,fred@oconner.org,632-294-9848 x388,2015-06-09 18:10:23 -0500
Nova,Boyle,zane.schaefer@ratke.org,572-244-2251 x718,2015-06-09 18:10:23 -0500
Clyde,Schaden,hailie@hodkiewicz.org,679-506-3609,2015-06-09 18:10:23 -0500
Tommie,Weissnat,billy@pacochadaugherty.net,(762) 720-7358,2015-06-09 18:10:23 -0500
Orville,Dickens,lorna_koepp@harber.biz,882.883.9439 x5838,2015-06-09 18:10:23 -0500
Justus,Gerhold,wiley@lynch.info,964-497-7374,2015-06-09 18:10:23 -0500
Amanda,Schneider,beulah@beahan.info,(581) 613-5085 x95774,2015-06-09 18:10:23 -0500
Camilla,VonRueden,damien_rippin@cole.name,1-819-773-3104 x6073,2015-06-09 18:10:23 -0500
Kitty,Krajcik,deven_welch@abernathygulgowski.com,968-137-6862 x9595,2015-06-09 18:10:23 -0500
Euna,Rolfson,willy@hackettgoyette.org,691-552-6539 x9396,2015-06-09 18:10:23 -0500
Teresa,Schuppe,bernhard@beatty.org,944.827.3859 x24295,2015-06-09 18:10:23 -0500
Jose,Hudson,koby@hellergreenholt.org,500-234-3329,2015-06-09 18:10:23 -0500
Macie,Hane,sydnee.eichmann@gleasonkovacek.biz,1-538-843-3625 x52390,2015-06-09 18:10:23 -0500
Henriette,Bernhard,aiyana.nolan@erdmanweimann.biz,590-979-3862,2015-06-09 18:10:23 -0500
Taryn,O'Conner,keon.batz@goyette.org,(496) 250-1983,2015-06-09 18:10:23 -0500
Myron,Block,vincenzo.kovacek@olson.info,977-430-1456,2015-06-09 18:10:23 -0500
Rashawn,Kling,ethan.rosenbaum@stoltenbergwuckert.net,185.104.7744,2015-06-09 18:10:23 -0500
Tara,Nader,keaton@conn.org,983-710-0207 x20916,2015-06-09 18:10:23 -0500
Koby,Kozey,kenny@muller.org,1-823-468-2807 x1063,2015-06-09 18:10:23 -0500
Leatha,Schamberger,nella@johnston.info,(819) 719-6435,2015-06-09 18:10:23 -0500
Marlin,Kessler,laura@spinka.name,714-330-0218 x80927,2015-06-09 18:10:23 -0500
Rosalia,Kulas,maribel@hilll.name,742.775.8819 x679,2015-06-09 18:10:23 -0500
Reilly,Funk,carter@gusikowski.name,698.299.1262 x3515,2015-06-09 18:10:23 -0500
Elissa,Schroeder,ali@leffler.name,(821) 428-0810,2015-06-09 18:10:23 -0500
Eldridge,Adams,eriberto@runolfon.com,642-677-0483 x3759,2015-06-09 18:10:23 -0500
Stephanie,Langosh,nyah_miller@wilkinsondietrich.org,(877) 150-0268 x47850,2015-06-09 18:10:23 -0500
Breanna,Kub,emiliano.koelpin@shields.org,296.922.9756 x76363,2015-06-09 18:10:23 -0500
Trevor,Ankunding,leonie@pagac.name,1-854-156-1529 x5424,2015-06-09 18:10:23 -0500
Josh,Wyman,kenyatta.mckenzie@thompson.name,(972) 298-1245,2015-06-09 18:10:23 -0500
Lenore,Trantow,avery@champlin.biz,(692) 167-7821,2015-06-09 18:10:23 -0500
Kenton,Ziemann,ricky@goldnerkohler.com,1-369-444-9715,2015-06-09 18:10:23 -0500
Rachelle,Simonis,maud@walsh.com,650-561-0197,2015-06-09 18:10:23 -0500
Braulio,Grant,caandre@parker.org,(911) 124-5524 x8604,2015-06-09 18:10:23 -0500
Georgette,Ebert,vinnie@brakus.net,684-797-9580 x671,2015-06-09 18:10:23 -0500
Caden,O'Reilly,johann_paucek@turcotte.biz,1-144-072-9054 x457,2015-06-09 18:10:23 -0500
Scot,Balistreri,holden_parker@huelskeler.info,(785) 110-9726,2015-06-09 18:10:23 -0500
Theron,Mayer,judd_dicki@kertzmannferry.info,237-303-3024 x604,2015-06-09 18:10:23 -0500
Trace,Considine,edgardo_block@nader.name,1-481-572-0320 x24139,2015-06-09 18:10:23 -0500
Davon,Boehm,gillian_schamberger@abshiretremblay.com,710.628.4581,2015-06-09 18:10:23 -0500
Jermaine,Zulauf,lisandro@treutelbrown.name,353.538.0717,2015-06-09 18:10:23 -0500
Rosanna,Kuvalis,gerhard@zulauf.org,(543) 152-2388,2015-06-09 18:10:23 -0500
Brooks,Purdy,alex_connelly@frami.info,(336) 220-7096,2015-06-09 18:10:23 -0500
Letitia,Schultz,garrick.cormier@goodwin.net,1-129-920-9131,2015-06-09 18:10:23 -0500
Josephine,Marvin,roxane_schultz@stamm.biz,380-320-6165 x0764,2015-06-09 18:10:23 -0500
Dante,Bauch,jaylan@pfeffercollins.com,142.043.3653 x792,2015-06-09 18:10:23 -0500
Arnoldo,Powlowski,aliya@weinat.net,1-619-723-6456 x090,2015-06-09 18:10:23 -0500
Baby,Bogan,mathew@schroeder.org,(571) 241-2607 x1260,2015-06-09 18:10:23 -0500
Greta,Dare,gideon.johnson@powlowski.name,(615) 792-3265 x4097,2015-06-09 18:10:23 -0500
Garland,Konopelski,rashawn.hudson@casper.biz,872-786-1418 x41394,2015-06-09 18:10:23 -0500
Aric,Nader,neil@mills.biz,496-998-5453 x480,2015-06-09 18:10:23 -0500
Carley,Reichert,maritza@cummerata.info,(551) 404-8881 x801,2015-06-09 18:10:23 -0500
Floyd,Swaniawski,rebeca@kozeyjaskolski.org,102.768.7592,2015-06-09 18:10:23 -0500
Vivianne,Mraz,easter@dietrich.name,1-230-748-7390 x555,2015-06-09 18:10:23 -0500
Chelsie,Weimann,claria@gusikowskimoriette.org,1-554-623-0005 x352,2015-06-09 18:10:23 -0500
Elenor,Wiegand,bret@gorczanyswaniawski.name,1-925-653-8234 x61763,2015-06-09 18:10:23 -0500
Filiberto,Kuhic,esmeralda@marvinkoelpin.name,1-530-385-8627,2015-06-09 18:10:23 -0500
Jett,Smith,edison@romaguera.name,(640) 846-9377,2015-06-09 18:10:23 -0500
Clarabelle,Huel,earnestine@mante.name,(511) 151-4837,2015-06-09 18:10:23 -0500
Lue,Konopelski,lemuel@herzoglarson.name,454.215.7157,2015-06-09 18:10:23 -0500
Elza,Smitham,bulah.padberg@rolfson.com,(944) 876-5911,2015-06-09 18:10:23 -0500
Lenore,Terry,charlie_mcdermott@schmeler.org,351-273-8532,2015-06-09 18:10:23 -0500
Kaylie,Thiel,oswaldo.kulas@balistrerihoppe.net,(569) 241-1512,2015-06-09 18:10:23 -0500
Hassie,Dickens,roxane@goyettehickle.info,512-206-2515,2015-06-09 18:10:23 -0500
Vicente,Wintheiser,marion.larson@oconner.com,148.921.3376,2015-06-09 18:10:23 -0500
Zoie,Murray,johnathon@hirthestracke.net,677-107-9453 x14152,2015-06-09 18:10:23 -0500
Reggie,Stokes,ursula_rau@watersjohnson.info,746.537.1986 x4777,2015-06-09 18:10:23 -0500
Thomas,Mitchell,bart.ko@altenwerth.name,(955) 136-8203 x000,2015-06-09 18:10:23 -0500
Holly,Prohaska,genesis@simonisoberbrunner.name,232-424-7284 x6845,2015-06-09 18:10:23 -0500
Reuben,Rice,carmine.hand@conn.com,1-331-665-9192 x765,2015-06-09 18:10:23 -0500
Domenico,Armstrong,sim@stark.info,(927) 038-3060,2015-06-09 18:10:23 -0500
Pearl,Kiehn,denis_schroeder@bradtke.biz,(571) 908-2717 x551,2015-06-09 18:10:23 -0500
Gina,Zieme,alice@cummerata.name,(170) 136-3326 x6080,2015-06-09 18:10:23 -0500
Annabelle,Kovacek,onie@grimes.name,284-315-6416 x0188,2015-06-09 18:10:23 -0500
Halle,Schaefer,bette_goyette@stiedemanndurgan.biz,495-984-9848 x486,2015-06-09 18:10:23 -0500
Cruz,Metz,berta@hirthe.info,606-992-1294 x3461,2015-06-09 18:10:23 -0500
Joany,Graham,kristian.beer@corwin.org,513-666-4101,2015-06-09 18:10:23 -0500
Emmanuel,Durgan,brionna_auer@stamm.org,827-487-5398,2015-06-09 18:10:23 -0500
Tatyana,Gorczany,mayra.hayes@cain.net,(862) 836-9430,2015-06-09 18:10:23 -0500
Colleen,Sanford,alfred_walsh@aufderharbode.biz,439.988.1431 x5816,2015-06-09 18:10:23 -0500
Madaline,McDermott,verlie@reynoldsarmstrong.com,176.729.9919,2015-06-09 18:10:23 -0500
Alanna,Sporer,uriel.pfannerstill@yundt.name,(525) 016-9964 x7747,2015-06-09 18:10:23 -0500
Moses,Beahan,barry.kuvalis@prosacco.name,962.093.4798,2015-06-09 18:10:23 -0500
Alyson,Heller,justus@ricelueilwitz.com,1-673-839-9308 x7887,2015-06-09 18:10:23 -0500
Katlynn,Hand,dannie_waters@greenholtreynolds.name,1-791-460-9193 x62856,2015-06-09 18:10:23 -0500
Jevon,King,stephany@champlin.net,(590) 661-4154 x898,2015-06-09 18:10:23 -0500
Mattie,Sanford,junior@larkin.net,307.579.3247,2015-06-09 18:10:23 -0500
Abdul,Wiegand,laney.steuber@kovacekabbott.name,(387) 746-3862,2015-06-09 18:10:23 -0500
Janessa,Nikolaus,rafaela@jaskolskibreitenberg.com,292.353.1480,2015-06-09 18:10:23 -0500
Anissa,Gottlieb,mike@mclaughlin.biz,(647) 545-1377,2015-06-09 18:10:23 -0500
Leilani,West,meggie_crooks@auer.net,329-440-4606,2015-06-09 18:10:23 -0500
Ariane,Waters,guie@hintz.org,1-120-080-7624,2015-06-09 18:10:23 -0500
Dominique,Little,sherman@howell.net,685.428.4480,2015-06-09 18:10:23 -0500
Zoie,Mosciski,desmond@pouros.name,(947) 189-6638 x1998,2015-06-09 18:10:23 -0500
Nels,Brakus,judy@kunde.biz,1-441-207-7610,2015-06-09 18:10:23 -0500
Sigmund,Rice,elmer_denesik@yundtankunding.com,(257) 738-3454,2015-06-09 18:10:23 -0500
Destin,Wilkinson,isaiah@schaden.name,908-463-8728 x318,2015-06-09 18:10:23 -0500
Sonny,Streich,cullen@stoltenberg.org,1-480-052-1247,2015-06-09 18:10:23 -0500
Eliezer,Hayes,nedra@cole.net,166-733-4826,2015-06-09 18:10:23 -0500
Chelsie,Kunde,gretchen@abernathy.net,1-364-323-1089 x546,2015-06-09 18:10:23 -0500
Florencio,Harber,jensen.farrell@treutel.biz,957.188.1600 x9059,2015-06-09 18:10:23 -0500
Demetrius,Luettgen,bobbie_abernathy@bauch.org,1-940-555-5324,2015-06-09 18:10:23 -0500
Royce,Watsica,georgiana.schmeler@heidenreich.org,(760) 337-1972 x600,2015-06-09 18:10:23 -0500
Janelle,Reynolds,calista.carroll@jerdeabshire.biz,796.963.8880 x09031,2015-06-09 18:10:23 -0500
Randall,Spinka,sheila@jakubowskikuphal.biz,1-744-725-9330 x2474,2015-06-09 18:10:23 -0500
Finn,Schimmel,pascale.blanda@bahringer.info,(541) 212-9159 x5684,2015-06-09 18:10:23 -0500
Nels,D'Amore,joel_schumm@thiel.biz,1-939-060-4024,2015-06-09 18:10:23 -0500
Alycia,Conroy,jaylan@baumbach.com,1-573-430-2909,2015-06-09 18:10:23 -0500
Darius,Kilback,jalyn.waelchi@glover.info,865-593-3050 x6486,2015-06-09 18:10:23 -0500
Orion,Yundt,yolanda_shields@jonehields.net,1-976-283-2924,2015-06-09 18:10:23 -0500
Leatha,Rogahn,jarred@grantking.net,(624) 248-3846 x36934,2015-06-09 18:10:23 -0500
Clare,Stanton,lourdes_okon@mertztorphy.org,425-808-6196 x218,2015-06-09 18:10:23 -0500
Coty,Spinka,telly@carterbernier.name,1-531-435-6189,2015-06-09 18:10:23 -0500
Angus,Farrell,nyah_okeefe@beierfritsch.info,361.417.6647,2015-06-09 18:10:23 -0500
Mallory,Douglas,danika@sengerkirlin.com,384.212.7374 x658,2015-06-09 18:10:23 -0500
Lon,Hoppe,jaquan@kub.com,993.163.8370 x034,2015-06-09 18:10:23 -0500
Merle,Gleason,madyson@reichel.net,336.793.0886 x0653,2015-06-09 18:10:23 -0500
Candido,Bosco,letitia@goldner.name,(824) 906-9575 x259,2015-06-09 18:10:23 -0500
Rashawn,Wunsch,kiana.ziemann@raynor.name,437.257.0566,2015-06-09 18:10:23 -0500
Jalon,Stamm,jasen@romaguera.name,598.317.8158 x01940,2015-06-09 18:10:23 -0500
Steve,Kirlin,orland@dach.net,459-268-0917,2015-06-09 18:10:23 -0500
Justice,Dare,deanna@shanahantrantow.info,1-613-334-5610,2015-06-09 18:10:23 -0500
Wanda,Brown,therese@ratke.name,1-864-705-4580 x398,2015-06-09 18:10:23 -0500
Brenden,Zemlak,rosamond@carter.net,649.522.6797 x5232,2015-06-09 18:10:23 -0500
Lamont,Sipes,lia.christiansen@steuber.com,535-531-6229,2015-06-09 18:10:23 -0500
Monte,Botsford,tatum@harvey.org,249-171-1386 x05038,2015-06-09 18:10:23 -0500
Lexus,Mayer,matteo_dibbert@breitenberg.name,(224) 143-8938 x837,2015-06-09 18:10:23 -0500
Audie,Balistreri,alexandrine@kirlin.org,380.670.8896,2015-06-09 18:10:23 -0500
Marian,Grimes,robbie@ruel.biz,(726) 061-5379,2015-06-09 18:10:23 -0500
Zachary,Altenwerth,eladio_wehner@schultz.org,1-710-174-1348 x89005,2015-06-09 18:10:23 -0500
Anais,Lockman,reece.lehner@spinka.info,1-670-535-8152,2015-06-09 18:10:23 -0500
Augusta,Ward,ezekiel@bartonbartoletti.info,370.856.6471,2015-06-09 18:10:23 -0500
Maryam,Huels,austyn.rosenbaum@dubuque.info,200-042-7789,2015-06-09 18:10:23 -0500
Alexandre,Walsh,ricardo.heidenreich@kerluke.name,484-795-3343,2015-06-09 18:10:23 -0500
Doyle,Price,lennie@stark.name,376-171-8818 x364,2015-06-09 18:10:23 -0500
Rick,Treutel,norene.stanton@beahan.net,731-173-0066 x64692,2015-06-09 18:10:23 -0500
Delfina,Schamberger,jaiden.windler@harris.info,652.180.3092 x020,2015-06-09 18:10:23 -0500
Melany,Thiel,brant@boehm.info,710.714.4875,2015-06-09 18:10:23 -0500
Jaycee,Hoppe,amelia_bode@heller.org,551-174-7470,2015-06-09 18:10:23 -0500
Dudley,Schinner,lilla_bartoletti@wiegandchristiansen.com,(904) 931-6985,2015-06-09 18:10:23 -0500
Darryl,McDermott,carroll_howe@townesanford.info,807-232-3049,2015-06-09 18:10:23 -0500
Brown,Kuvalis,buster@breitenberg.info,567-007-0397 x334,2015-06-09 18:10:23 -0500
Madilyn,Baumbach,ike_keler@collins.org,238.669.0673,2015-06-09 18:10:23 -0500
Magdalena,Hintz,micaela.mohr@yundtdicki.name,507.597.3231,2015-06-09 18:10:23 -0500
Fredrick,Muller,evelyn.blick@moorevonrueden.com,(778) 932-0599 x10773,2015-06-09 18:10:23 -0500
Dameon,Schumm,joaquin.carter@wolffmorar.net,1-826-275-3356 x1162,2015-06-09 18:10:23 -0500
Robbie,Schmeler,marta.halvorson@weimann.name,(927) 601-7778 x7945,2015-06-09 18:10:23 -0500
Nicholas,Baumbach,gordon.ullrich@stanton.org,440.693.2953,2015-06-09 18:10:23 -0500
Adolfo,Hammes,dora@daniel.biz,1-918-647-1406,2015-06-09 18:10:23 -0500
Keshaun,Nitzsche,peter@brekke.name,333.147.5681,2015-06-09 18:10:23 -0500
Elenora,Senger,ray.cartwright@nolan.info,1-193-848-4743 x37620,2015-06-09 18:10:23 -0500
Heather,Fay,elvis_pfannerstill@lubowitzstracke.net,310-536-9405,2015-06-09 18:10:23 -0500
Easter,Buckridge,leora_kuvalis@leannonwaters.name,500.433.3837 x068,2015-06-09 18:10:23 -0500
Casper,Hudson,brenna@runtebartell.net,528.537.9937 x494,2015-06-09 18:10:23 -0500
Asha,Buckridge,boris@bodefisher.info,393-102-3229,2015-06-09 18:10:23 -0500
Ilene,Grimes,joe@shanahanmuller.biz,516.646.9986,2015-06-09 18:10:23 -0500
Madisen,Schaefer,eusebio.deckow@mcdermotthomenick.name,960.075.8605 x15090,2015-06-09 18:10:23 -0500
Jarred,Beatty,mack@tromp.name,1-223-472-4562 x55031,2015-06-09 18:10:23 -0500
Lolita,Abbott,berenice@lockman.com,288.800.4890,2015-06-09 18:10:23 -0500
Myrtis,Kunze,serena_kub@feeney.com,1-786-808-2386 x953,2015-06-09 18:10:23 -0500
Judy,Harris,xander.bartoletti@legroslindgren.com,411-724-4711 x6353,2015-06-09 18:10:23 -0500
Glennie,Shanahan,gaetano@ledner.com,(617) 217-3724 x13209,2015-06-09 18:10:23 -0500
Keith,Trantow,ed.gusikowski@kub.net,397-434-9156 x2569,2015-06-09 18:10:23 -0500
Cory,Fay,tanya_treutel@roberts.name,1-493-329-5023 x598,2015-06-09 18:10:23 -0500
Uriah,Cronin,gregorio.dare@schillermarvin.biz,749.342.3930 x070,2015-06-09 18:10:23 -0500
Lazaro,Brakus,alexanne_kuphal@batz.org,(307) 723-0551 x690,2015-06-09 18:10:23 -0500
Juston,Swaniawski,domenick@koelpin.com,(702) 748-4270 x9358,2015-06-09 18:10:23 -0500
Bette,Bauch,austen@spencerturner.org,1-276-170-6072,2015-06-09 18:10:23 -0500
Jettie,Thiel,stanton@luettgen.org,663.079.6452 x690,2015-06-09 18:10:23 -0500
Hallie,Anderson,arely.lakin@cristkulas.biz,1-690-068-3221 x718,2015-06-09 18:10:23 -0500
Marcelle,Morissette,johnathan_will@gulgowski.net,255-720-1066 x884,2015-06-09 18:10:23 -0500
Nichole,Dickens,marianna.blick@veum.com,296-859-6672,2015-06-09 18:10:23 -0500
Maynard,Legros,libbie.mosciski@hodkiewicz.com,744-362-5075 x4652,2015-06-09 18:10:23 -0500
Kiana,Gutkowski,bernadette_kris@hermistongutkowski.org,(728) 231-9782 x6929,2015-06-09 18:10:23 -0500
Alexis,Lesch,grover@beahan.info,594.728.7875 x9243,2015-06-09 18:10:23 -0500
Dakota,Huels,darius@gusikowskiosinski.com,793-107-8189 x1270,2015-06-09 18:10:23 -0500
Kraig,Renner,juanita@goodwinbalistreri.name,701.152.7519,2015-06-09 18:10:23 -0500
Angelina,Jakubowski,bria@krajcik.info,(635) 307-2941,2015-06-09 18:10:23 -0500
Maxie,Gerhold,shanny@jenkins.biz,892.527.0221 x603,2015-06-09 18:10:23 -0500
Luella,Corwin,micaela@stokes.org,444-369-3082,2015-06-09 18:10:23 -0500
Abraham,Monahan,donna@labadie.name,958.557.8569,2015-06-09 18:10:23 -0500
Furman,Collins,myron@hackett.biz,367-817-4602 x4668,2015-06-09 18:10:23 -0500
Carmela,Lang,nelle_sanford@okeefe.net,708.862.8844,2015-06-09 18:10:23 -0500
Abner,Bashirian,heath_cronin@tremblay.biz,(168) 022-8558 x41372,2015-06-09 18:10:23 -0500
Santino,Zboncak,genevieve_monahan@monahangreen.name,197-409-2286 x06364,2015-06-09 18:10:23 -0500
Ayden,Murazik,gideon@homenickstiedemann.net,401-185-4678,2015-06-09 18:10:23 -0500
Mable,Schinner,arnoldo.willms@abshirehowell.org,1-436-101-1875,2015-06-09 18:10:23 -0500
Marley,Lubowitz,darion_hyatt@ward.com,1-767-190-8855,2015-06-09 18:10:23 -0500
Ona,Gleason,otto_bauch@tremblay.net,196.598.5278,2015-06-09 18:10:23 -0500
Laisha,Miller,robin.bahringer@gutmann.info,430-677-3245,2015-06-09 18:10:23 -0500
Jermey,Nikolaus,casper_oconnell@will.name,1-837-068-7470,2015-06-09 18:10:23 -0500
Payton,Auer,ryan@gerlach.org,1-910-610-0283,2015-06-09 18:10:23 -0500
Kenyatta,Borer,rosemary_schaden@flatley.name,1-662-641-1410 x917,2015-06-09 18:10:23 -0500
Mia,Rath,kyle.bahringer@thiel.name,417.978.4688,2015-06-09 18:10:23 -0500
Freeman,Wolf,odea_schuppe@smithamtorp.name,(579) 332-9692 x30153,2015-06-09 18:10:23 -0500
Ransom,Bode,jarrod.buckridge@ricepacocha.net,(871) 322-4248 x743,2015-06-09 18:10:23 -0500
Elza,Labadie,monica@collins.net,(116) 393-8756,2015-06-09 18:10:23 -0500
Emerald,Flatley,dean_fay@walshcrona.name,644.699.4263 x9458,2015-06-09 18:10:23 -0500
Adonis,Crooks,whitney@marks.org,883-192-4421 x438,2015-06-09 18:10:23 -0500
Valerie,Shields,joesph@turneremmerich.org,1-262-154-2234,2015-06-09 18:10:23 -0500
Conrad,Rolfson,kareem.purdy@heathcote.info,(836) 360-8702 x609,2015-06-09 18:10:23 -0500
Erich,Anderson,stefan@spinka.net,507-522-6681,2015-06-09 18:10:23 -0500
Toby,Conroy,tiana@lockmanschmitt.org,869-297-2819 x224,2015-06-09 18:10:23 -0500
Ollie,Marquardt,kaandra.reilly@ryan.org,392-630-7841 x32552,2015-06-09 18:10:23 -0500
Giles,Harris,vernie_bosco@hamill.biz,1-853-973-2063,2015-06-09 18:10:23 -0500
Tracey,Mayer,elna@fisherthiel.name,574.435.1244,2015-06-09 18:10:23 -0500
Roscoe,Reichert,palma@brekke.biz,1-662-511-4696 x14474,2015-06-09 18:10:23 -0500
Trudie,Bashirian,weldon.green@spencer.org,1-993-939-0279 x7568,2015-06-09 18:10:23 -0500
Chanelle,Turner,nicholaus_zulauf@runolfsdottirweimann.org,543.773.0880 x9540,2015-06-09 18:10:23 -0500
Brannon,Mertz,ramiro@ferry.info,(466) 295-4445 x12164,2015-06-09 18:10:23 -0500
Taryn,Bergnaum,johnathon_feest@cartwright.com,(903) 548-6278 x0376,2015-06-09 18:10:23 -0500
Eli,Herzog,carolina.kihn@oberbrunnersatterfield.biz,908-141-4652 x38333,2015-06-09 18:10:23 -0500
Ellie,Beatty,lavinia.prosacco@kshlerin.net,909-773-3210 x0075,2015-06-09 18:10:23 -0500
Verner,Rowe,jamie_rowe@baumbach.biz,(550) 812-2964 x9163,2015-06-09 18:10:23 -0500
Geovanny,O'Kon,winnifred.dooley@veum.biz,1-601-928-3717,2015-06-09 18:10:23 -0500
Loyal,Hansen,karina_klein@bednarbayer.net,640-304-0981,2015-06-09 18:10:23 -0500
Lourdes,Macejkovic,reynold.runte@turner.org,(508) 628-3177 x65494,2015-06-09 18:10:23 -0500
Breana,Kuphal,gwendolyn@lakinrobel.net,324.413.9765,2015-06-09 18:10:23 -0500
Stephon,Hyatt,liza@effertzohara.info,1-688-849-0692 x6596,2015-06-09 18:10:23 -0500
Ruthe,Trantow,annie_cormier@hermanpagac.net,733-871-8686,2015-06-09 18:10:23 -0500
Mustafa,Rice,chanelle@hirthemurphy.com,1-352-032-6979,2015-06-09 18:10:23 -0500
Shawn,Mraz,ernesto_lehner@kutch.name,570.450.9988 x54943,2015-06-09 18:10:23 -0500
Alberta,Macejkovic,marielle.oconnell@roobtorp.info,(340) 371-6218,2015-06-09 18:10:23 -0500
Kristy,O'Connell,jared@moriettemraz.info,(836) 728-9747 x40226,2015-06-09 18:10:23 -0500
Kallie,Conroy,steve@hagenes.net,491-668-2595,2015-06-09 18:10:23 -0500
Dina,Aufderhar,muhammad_heaney@yundtroberts.biz,651.799.6828,2015-06-09 18:10:23 -0500
Alessandro,Altenwerth,keara@nolanconnelly.name,403-860-6240 x52988,2015-06-09 18:10:23 -0500
Melissa,Schmidt,milton@heaney.info,(755) 532-6131,2015-06-09 18:10:23 -0500
Eunice,Glover,brooke@skiles.org,405.705.3399,2015-06-09 18:10:23 -0500
Maximillian,Witting,lorna@tromp.net,192-074-0618,2015-06-09 18:10:23 -0500
April,Hauck,brady.lakin@damore.info,(942) 272-6016 x08904,2015-06-09 18:10:23 -0500
Bernhard,Stanton,octavia@huel.biz,(983) 102-6481 x96022,2015-06-09 18:10:23 -0500
Glen,Keebler,alta_wunsch@ohara.biz,1-482-204-7221,2015-06-09 18:10:23 -0500
Corene,Ryan,iac@ullrichmccullough.name,698.794.0178,2015-06-09 18:10:23 -0500
Lorenzo,Rowe,chandler_prohaska@yost.info,(880) 862-1945,2015-06-09 18:10:23 -0500
Coty,Kemmer,rupert.beahan@kirlin.info,1-138-299-1942 x37092,2015-06-09 18:10:23 -0500
Delta,Hyatt,jeanne.flatley@kilbackgorczany.info,1-853-652-2884,2015-06-09 18:10:23 -0500
Cecil,Ankunding,rudolph_mosciski@medhurst.biz,1-514-080-9585 x62219,2015-06-09 18:10:23 -0500
Abigail,Heidenreich,sandrine_rogahn@runolfsdottir.net,216-778-3051 x4542,2015-06-09 18:10:23 -0500
Rudolph,Will,armani@padberg.biz,(257) 562-5048,2015-06-09 18:10:23 -0500
Maxie,Marquardt,keshaun.mcclure@langdicki.net,1-693-406-3023 x748,2015-06-09 18:10:23 -0500
Ronny,Ratke,mina@greenzulauf.biz,1-568-700-1640 x86454,2015-06-09 18:10:23 -0500
Jennifer,Prohaska,nadia_gutkowski@runolfsdottirhoppe.net,364-300-4989 x9789,2015-06-09 18:10:23 -0500
Vincenza,Metz,kade.hyatt@jaskolskimaggio.info,1-782-836-7330 x34000,2015-06-09 18:10:23 -0500
Ava,Boyer,gordon_jenkins@ornbahringer.info,862-694-5243 x2083,2015-06-09 18:10:23 -0500
Ubaldo,Satterfield,jamaal@hauck.org,856-966-2856,2015-06-09 18:10:23 -0500
Mohammad,King,kasandra_gleichner@bosco.com,334.884.5052 x4090,2015-06-09 18:10:23 -0500
Kyler,Rosenbaum,nona.larkin@crist.org,894.822.8868,2015-06-09 18:10:23 -0500
Davin,Sauer,delpha.berge@mccullough.info,1-367-046-2233 x68393,2015-06-09 18:10:23 -0500
Annette,Breitenberg,henderson.okon@ondricka.com,375.947.5151 x7133,2015-06-09 18:10:23 -0500
Christina,Tremblay,cara@willms.name,839.611.1863,2015-06-09 18:10:23 -0500
Rosamond,Hermann,alexzander_toy@goodwinbrakus.info,(537) 248-5810 x2139,2015-06-09 18:10:23 -0500
Vito,Kemmer,elyse.dooley@hilpert.info,(636) 199-4859 x5952,2015-06-09 18:10:23 -0500
Pierre,Kris,mike_klocko@gleason.info,187.237.8427 x519,2015-06-09 18:10:23 -0500
Lorenz,Volkman,rudy@macgyver.org,373-329-0363 x26411,2015-06-09 18:10:23 -0500
Irma,Bernier,hillary@barton.org,814-367-3946,2015-06-09 18:10:23 -0500
Eliane,Grady,karine_harber@simonis.com,(588) 744-9811,2015-06-09 18:10:23 -0500
Raoul,Langosh,deontae@lebsackhackett.name,1-950-075-6972 x9445,2015-06-09 18:10:23 -0500
Kendall,Runolfsson,lulu@toy.biz,1-127-764-7676 x0464,2015-06-09 18:10:23 -0500
Turner,Stark,wilhelmine.ondricka@bartell.org,984.295.4966 x15115,2015-06-09 18:10:23 -0500
Alfredo,Hoeger,wilmer_altenwerth@barton.net,1-306-623-5736 x297,2015-06-09 18:10:23 -0500
Micaela,Littel,gwendolyn@glovertoy.com,369.010.9392 x2210,2015-06-09 18:10:23 -0500
Alisha,Torp,trycia@gutkowski.com,223-906-7053 x2844,2015-06-09 18:10:23 -0500
Kaitlyn,Herzog,wilber_hodkiewicz@wisozk.biz,(935) 441-2344,2015-06-09 18:10:23 -0500
Jerald,Kessler,willard_williamson@streich.net,(221) 772-7923 x2417,2015-06-09 18:10:23 -0500
Marcelina,Blanda,cecile@monahan.org,926.151.4876 x26800,2015-06-09 18:10:23 -0500
Creola,Cormier,edwardo_hyatt@kautzerreichel.name,998.009.8585 x1689,2015-06-09 18:10:23 -0500
